"Year","Month","mop","mean_waveheight","max_waveheight","mean_max_waveheight"
2001,1,"B0662",0.805806,2.2,0.951613
2001,1,"B0663",0.797419,2.19,0.942258
2001,1,"B0664",0.824839,2.25,0.972903
2001,1,"B0665",0.790968,2.18,0.933226
2001,1,"B0666",0.773226,2.14,0.912903
2001,1,"B0685",0.723548,2.07,0.854516
2001,1,"B0688",0.699355,2.02,0.827742
2001,1,"B0871",0.81871,2.08,0.985484
2001,2,"B0662",0.736429,1.65,0.898214
2001,2,"B0663",0.73,1.63,0.892857
2001,2,"B0664",0.756429,1.69,0.920357
2001,2,"B0665",0.727857,1.62,0.890357
2001,2,"B0666",0.710357,1.57,0.87
2001,2,"B0685",0.680357,1.48,0.841786
2001,2,"B0688",0.657857,1.44,0.817857
2001,2,"B0871",0.739643,1.74,0.9275
2001,3,"B0662",0.694839,2.41,0.835161
2001,3,"B0663",0.688065,2.4,0.825806
2001,3,"B0664",0.713548,2.48,0.856774
2001,3,"B0665",0.687419,2.39,0.824194
2001,3,"B0666",0.670323,2.35,0.804516
2001,3,"B0685",0.642581,2.33,0.774194
2001,3,"B0688",0.62,2.28,0.747419
2001,3,"B0871",0.737742,2.47,0.892903
2001,4,"B0662",0.562333,1,0.653
2001,4,"B0663",0.555,0.99,0.644
2001,4,"B0664",0.575333,1.03,0.667667
2001,4,"B0665",0.555,0.98,0.643333
2001,4,"B0666",0.537,0.94,0.621667
2001,4,"B0685",0.504667,0.84,0.581333
2001,4,"B0688",0.48,0.81,0.551333
2001,4,"B0871",0.583,0.96,0.678
2001,5,"B0662",0.477419,0.92,0.530645
2001,5,"B0663",0.47,0.91,0.51871
2001,5,"B0664",0.491613,0.95,0.546452
2001,5,"B0665",0.480323,0.91,0.532903
2001,5,"B0666",0.465161,0.88,0.516774
2001,5,"B0685",0.462258,0.81,0.517419
2001,5,"B0688",0.434839,0.77,0.486452
2001,5,"B0871",0.597742,1.18,0.682581
2001,6,"B0662",0.404667,0.58,0.445
2001,6,"B0663",0.399333,0.57,0.439
2001,6,"B0664",0.413667,0.59,0.453667
2001,6,"B0665",0.399667,0.57,0.437667
2001,6,"B0666",0.389,0.55,0.426333
2001,6,"B0685",0.369333,0.51,0.402333
2001,6,"B0688",0.353,0.48,0.383667
2001,6,"B0871",0.411,0.56,0.45
2001,7,"B0662",0.433226,0.75,0.47129
2001,7,"B0663",0.425806,0.74,0.466129
2001,7,"B0664",0.44129,0.75,0.481613
2001,7,"B0665",0.430968,0.73,0.469677
2001,7,"B0666",0.419677,0.74,0.459355
2001,7,"B0685",0.412258,0.76,0.451613
2001,7,"B0688",0.392581,0.71,0.429355
2001,7,"B0871",0.482581,0.82,0.533548
2001,8,"B0662",0.421935,0.61,0.464516
2001,8,"B0663",0.416129,0.6,0.458065
2001,8,"B0664",0.430645,0.63,0.473871
2001,8,"B0665",0.416452,0.62,0.460968
2001,8,"B0666",0.407097,0.6,0.448065
2001,8,"B0685",0.392581,0.6,0.431613
2001,8,"B0688",0.374516,0.57,0.410323
2001,8,"B0871",0.450968,0.7,0.499355
2001,9,"B0662",0.508,1.3,0.572
2001,9,"B0663",0.497,1.27,0.561333
2001,9,"B0664",0.519,1.3,0.584
2001,9,"B0665",0.502333,1.26,0.565667
2001,9,"B0666",0.490667,1.25,0.555
2001,9,"B0685",0.482333,1.25,0.547333
2001,9,"B0688",0.461333,1.21,0.522
2001,9,"B0871",0.566667,1.29,0.643333
2001,10,"B0662",0.476129,0.71,0.533871
2001,10,"B0663",0.467419,0.71,0.526452
2001,10,"B0664",0.489032,0.73,0.55
2001,10,"B0665",0.47129,0.7,0.53
2001,10,"B0666",0.459032,0.68,0.514839
2001,10,"B0685",0.447419,0.66,0.498387
2001,10,"B0688",0.425806,0.61,0.476129
2001,10,"B0871",0.531935,0.95,0.597419
2001,11,"B0662",0.675,1.35,0.809
2001,11,"B0663",0.668667,1.34,0.8
2001,11,"B0664",0.693667,1.39,0.831667
2001,11,"B0665",0.667,1.34,0.797667
2001,11,"B0666",0.648333,1.31,0.777
2001,11,"B0685",0.612667,1.27,0.731
2001,11,"B0688",0.591667,1.23,0.707
2001,11,"B0871",0.675667,1.45,0.807
2001,12,"B0662",0.686129,1.47,0.833871
2001,12,"B0663",0.677419,1.45,0.824516
2001,12,"B0664",0.705484,1.5,0.86
2001,12,"B0665",0.676129,1.44,0.821613
2001,12,"B0666",0.656774,1.41,0.797742
2001,12,"B0685",0.615161,1.47,0.750645
2001,12,"B0688",0.592258,1.44,0.725484
2001,12,"B0871",0.697419,1.95,0.872258
2002,1,"B0662",0.610968,1.44,0.714516
2002,1,"B0663",0.604839,1.4,0.703548
2002,1,"B0664",0.628387,1.46,0.733548
2002,1,"B0665",0.60129,1.41,0.700645
2002,1,"B0666",0.582581,1.32,0.680323
2002,1,"B0685",0.542581,1.22,0.63129
2002,1,"B0688",0.523548,1.17,0.607097
2002,1,"B0871",0.625484,2.06,0.744839
2002,2,"B0662",0.549286,1.3,0.618929
2002,2,"B0663",0.541429,1.29,0.610357
2002,2,"B0664",0.561786,1.34,0.633929
2002,2,"B0665",0.538929,1.28,0.608929
2002,2,"B0666",0.525714,1.24,0.592857
2002,2,"B0685",0.495357,1.13,0.556429
2002,2,"B0688",0.476071,1.09,0.5375
2002,2,"B0871",0.5675,1.32,0.669286
2002,3,"B0662",0.498387,0.93,0.578387
2002,3,"B0663",0.492903,0.92,0.572258
2002,3,"B0664",0.512903,0.95,0.593548
2002,3,"B0665",0.491613,0.91,0.570645
2002,3,"B0666",0.478065,0.88,0.554194
2002,3,"B0685",0.44871,0.79,0.518065
2002,3,"B0688",0.43129,0.75,0.496774
2002,3,"B0871",0.489677,0.87,0.573548
2002,4,"B0662",0.458333,0.87,0.515667
2002,4,"B0663",0.452333,0.86,0.509667
2002,4,"B0664",0.468667,0.9,0.529
2002,4,"B0665",0.453,0.86,0.511333
2002,4,"B0666",0.439667,0.83,0.495667
2002,4,"B0685",0.416333,0.75,0.468667
2002,4,"B0688",0.396667,0.7,0.448
2002,4,"B0871",0.468,0.79,0.523
2002,5,"B0662",0.45,0.76,0.498065
2002,5,"B0663",0.443871,0.75,0.492581
2002,5,"B0664",0.460323,0.78,0.509032
2002,5,"B0665",0.444839,0.75,0.492903
2002,5,"B0666",0.431613,0.72,0.477742
2002,5,"B0685",0.407419,0.66,0.449032
2002,5,"B0688",0.388387,0.63,0.426774
2002,5,"B0871",0.467742,0.71,0.517097
2002,6,"B0354",0.464,0.62,0.536
2002,6,"B0394",0.718,0.94,0.842
2002,6,"B0492",0.796,1,0.92
2002,6,"B0494",0.852,1.07,0.982
2002,6,"B0662",0.498,0.8,0.554667
2002,6,"B0663",0.492667,0.79,0.548667
2002,6,"B0664",0.511333,0.82,0.568
2002,6,"B0665",0.492,0.79,0.549
2002,6,"B0666",0.476667,0.76,0.531
2002,6,"B0685",0.445667,0.67,0.494667
2002,6,"B0688",0.423667,0.63,0.47
2002,6,"B0871",0.49,0.66,0.541667
2002,7,"B0064",0.498333,0.88,0.626667
2002,7,"B0065",0.528333,0.93,0.665
2002,7,"B0279",0.541667,1.03,0.705
2002,7,"B0354",0.35,0.62,0.429355
2002,7,"B0394",0.574839,1.02,0.714194
2002,7,"B0492",0.628387,1.06,0.783871
2002,7,"B0494",0.657742,1.18,0.824839
2002,7,"B0662",0.490645,0.88,0.598065
2002,7,"B0663",0.484839,0.87,0.591935
2002,7,"B0664",0.500323,0.89,0.608065
2002,7,"B0665",0.482581,0.86,0.586774
2002,7,"B0666",0.469032,0.83,0.569355
2002,7,"B0685",0.433548,0.73,0.515484
2002,7,"B0688",0.415161,0.69,0.490645
2002,7,"B0871",0.516129,0.86,0.578065
2002,8,"B0064",0.517895,1,0.647895
2002,8,"B0065",0.552105,1.07,0.687895
2002,8,"B0279",0.548421,1.02,0.693684
2002,8,"B0354",0.338065,0.65,0.421935
2002,8,"B0394",0.54,1.04,0.68
2002,8,"B0492",0.584839,1.07,0.726129
2002,8,"B0494",0.604839,1.13,0.752581
2002,8,"B0662",0.484839,0.88,0.590968
2002,8,"B0663",0.478065,0.87,0.582903
2002,8,"B0664",0.494516,0.89,0.600645
2002,8,"B0665",0.478065,0.86,0.580645
2002,8,"B0666",0.464516,0.83,0.560645
2002,8,"B0685",0.43129,0.73,0.509032
2002,8,"B0688",0.408065,0.68,0.479032
2002,8,"B0871",0.508387,0.87,0.564516
2002,9,"B0064",0.552,0.95,0.687
2002,9,"B0065",0.589,1.01,0.73
2002,9,"B0279",0.598,1.01,0.763
2002,9,"B0354",0.378,0.67,0.465333
2002,9,"B0394",0.595667,1.18,0.748667
2002,9,"B0492",0.655333,1.28,0.814333
2002,9,"B0494",0.68,1.33,0.845667
2002,9,"B0662",0.545333,0.87,0.653
2002,9,"B0663",0.537667,0.86,0.643333
2002,9,"B0664",0.557,0.88,0.665333
2002,9,"B0665",0.54,0.86,0.645333
2002,9,"B0666",0.524667,0.84,0.624333
2002,9,"B0685",0.497333,0.78,0.582667
2002,9,"B0688",0.470333,0.75,0.551667
2002,9,"B0871",0.602667,1.02,0.692
2002,10,"B0064",0.466667,0.89,0.593333
2002,10,"B0065",0.497778,0.95,0.634444
2002,10,"B0279",0.541111,0.96,0.678889
2002,10,"B0354",0.336452,0.56,0.412581
2002,10,"B0394",0.523548,1.04,0.653871
2002,10,"B0492",0.577742,1.11,0.715161
2002,10,"B0494",0.608065,1.14,0.752581
2002,10,"B0662",0.469032,0.8,0.561613
2002,10,"B0663",0.462903,0.79,0.555161
2002,10,"B0664",0.48,0.81,0.572258
2002,10,"B0665",0.462903,0.78,0.551935
2002,10,"B0666",0.449677,0.75,0.535484
2002,10,"B0685",0.417419,0.65,0.48871
2002,10,"B0688",0.397742,0.61,0.464194
2002,10,"B0871",0.482581,0.73,0.540968
2002,11,"B0064",0.52037,1.27,0.63
2002,11,"B0065",0.55963,1.34,0.675556
2002,11,"B0279",0.619259,1.5,0.742963
2002,11,"B0354",0.407333,1.07,0.495
2002,11,"B0394",0.639333,1.5,0.771333
2002,11,"B0492",0.717,1.71,0.865
2002,11,"B0494",0.773667,1.9,0.929
2002,11,"B0662",0.545333,1.39,0.658
2002,11,"B0663",0.539667,1.39,0.65
2002,11,"B0664",0.561333,1.43,0.676
2002,11,"B0665",0.537,1.37,0.647
2002,11,"B0666",0.522333,1.34,0.627
2002,11,"B0685",0.480333,1.24,0.576
2002,11,"B0688",0.462333,1.2,0.552333
2002,11,"B0871",0.559333,1.61,0.662
2002,12,"B0064",0.668387,1.7,0.840968
2002,12,"B0065",0.720645,1.87,0.906452
2002,12,"B0279",0.794,1.69,0.96
2002,12,"B0354",0.539677,1.47,0.67129
2002,12,"B0394",0.798387,1.76,0.984194
2002,12,"B0492",0.903548,2.02,1.11355
2002,12,"B0494",0.972903,2.16,1.20097
2002,12,"B0662",0.738065,1.95,0.91
2002,12,"B0663",0.730323,1.96,0.90129
2002,12,"B0664",0.758065,2.03,0.935161
2002,12,"B0665",0.727097,1.96,0.897742
2002,12,"B0666",0.707419,1.92,0.875484
2002,12,"B0685",0.662903,1.94,0.823226
2002,12,"B0688",0.64,1.9,0.795806
2002,12,"B0871",0.82,2.22,1.02355
2003,1,"B0064",0.708065,1.51,0.842258
2003,1,"B0065",0.771935,1.65,0.922903
2003,1,"B0279",0.754839,1.42,0.870968
2003,1,"B0354",0.546129,1.1,0.649677
2003,1,"B0394",0.803548,1.53,0.93871
2003,1,"B0492",0.902258,1.71,1.05226
2003,1,"B0494",0.972903,1.85,1.13323
2003,1,"B0662",0.708065,1.3,0.822258
2003,1,"B0663",0.697419,1.27,0.806774
2003,1,"B0664",0.726129,1.32,0.840323
2003,1,"B0665",0.694194,1.26,0.803226
2003,1,"B0666",0.672258,1.22,0.777097
2003,1,"B0685",0.623226,1.1,0.718387
2003,1,"B0688",0.602581,1.07,0.695806
2003,1,"B0871",0.750968,1.63,0.868387
2003,2,"B0064",0.574286,1.22,0.723571
2003,2,"B0065",0.615714,1.31,0.774643
2003,2,"B0279",0.633929,1.4,0.822857
2003,2,"B0354",0.488214,1.15,0.643571
2003,2,"B0394",0.681786,1.44,0.8925
2003,2,"B0492",0.7475,1.66,0.9775
2003,2,"B0494",0.780357,1.8,1.01607
2003,2,"B0662",0.637857,1.44,0.808929
2003,2,"B0663",0.632857,1.45,0.804286
2003,2,"B0664",0.654286,1.49,0.832143
2003,2,"B0665",0.628929,1.45,0.801071
2003,2,"B0666",0.613571,1.44,0.781071
2003,2,"B0685",0.591786,1.56,0.757857
2003,2,"B0688",0.574643,1.55,0.736071
2003,2,"B0871",0.710714,2.1,0.883571
2003,3,"B0064",0.67871,1.43,0.827742
2003,3,"B0065",0.73129,1.55,0.89129
2003,3,"B0279",0.772903,1.57,0.92871
2003,3,"B0354",0.502581,1.04,0.599355
2003,3,"B0394",0.79,1.59,0.944839
2003,3,"B0492",0.882903,1.84,1.03968
2003,3,"B0494",0.937419,2.02,1.10548
2003,3,"B0662",0.69129,1.48,0.809355
2003,3,"B0663",0.682258,1.46,0.798065
2003,3,"B0664",0.706129,1.51,0.825161
2003,3,"B0665",0.678387,1.45,0.791935
2003,3,"B0666",0.656129,1.4,0.765806
2003,3,"B0685",0.597419,1.33,0.695484
2003,3,"B0688",0.571613,1.29,0.665806
2003,3,"B0871",0.676452,1.66,0.776129
2003,4,"B0064",0.637667,1.15,0.807333
2003,4,"B0065",0.682,1.22,0.859667
2003,4,"B0279",0.720714,1.3,0.921429
2003,4,"B0354",0.463,0.76,0.601
2003,4,"B0394",0.745333,1.28,0.969
2003,4,"B0492",0.825333,1.42,1.05033
2003,4,"B0494",0.871,1.49,1.10367
2003,4,"B0662",0.65,0.98,0.813667
2003,4,"B0663",0.642,0.97,0.803667
2003,4,"B0664",0.665,1,0.830333
2003,4,"B0665",0.642,0.96,0.801667
2003,4,"B0666",0.620667,0.93,0.774667
2003,4,"B0685",0.577,0.9,0.713333
2003,4,"B0688",0.543333,0.83,0.672333
2003,4,"B0871",0.666667,1.03,0.778333
2003,5,"B0064",0.611111,1.07,0.753333
2003,5,"B0065",0.652222,1.15,0.805556
2003,5,"B0279",0.705556,1.21,0.872222
2003,5,"B0354",0.429355,0.8,0.527742
2003,5,"B0394",0.697742,1.27,0.869032
2003,5,"B0492",0.770323,1.34,0.950968
2003,5,"B0494",0.807742,1.44,0.994194
2003,5,"B0662",0.61871,1.2,0.745806
2003,5,"B0663",0.60871,1.19,0.736129
2003,5,"B0664",0.632581,1.23,0.761935
2003,5,"B0665",0.611935,1.18,0.736129
2003,5,"B0666",0.590323,1.15,0.710968
2003,5,"B0685",0.550645,1.1,0.652581
2003,5,"B0688",0.520323,1.06,0.615161
2003,5,"B0871",0.666129,1.5,0.770645
2003,6,"B0064",0.502667,0.89,0.614667
2003,6,"B0065",0.539667,0.95,0.658
2003,6,"B0279",0.557667,0.97,0.688
2003,6,"B0354",0.365,0.58,0.434
2003,6,"B0394",0.574333,0.96,0.706333
2003,6,"B0492",0.636,1.02,0.773
2003,6,"B0494",0.662,1.08,0.806667
2003,6,"B0662",0.527333,0.78,0.616333
2003,6,"B0663",0.519333,0.77,0.608
2003,6,"B0664",0.54,0.79,0.629
2003,6,"B0665",0.522333,0.76,0.608
2003,6,"B0666",0.504667,0.73,0.586333
2003,6,"B0685",0.472333,0.65,0.54
2003,6,"B0688",0.443333,0.61,0.506333
2003,6,"B0871",0.563333,0.91,0.627667
2003,7,"B0064",0.528065,1.07,0.645161
2003,7,"B0065",0.562903,1.14,0.687742
2003,7,"B0279",0.612581,1.26,0.742258
2003,7,"B0354",0.38,0.79,0.45129
2003,7,"B0394",0.617742,1.24,0.744194
2003,7,"B0492",0.674194,1.35,0.809677
2003,7,"B0494",0.707419,1.43,0.853226
2003,7,"B0662",0.527742,1,0.61871
2003,7,"B0663",0.52,0.98,0.61
2003,7,"B0664",0.537742,1.01,0.629355
2003,7,"B0665",0.518065,0.97,0.606452
2003,7,"B0666",0.501935,0.94,0.584839
2003,7,"B0685",0.459677,0.84,0.524516
2003,7,"B0688",0.432258,0.79,0.491935
2003,7,"B0871",0.516774,0.76,0.569032
2003,8,"B0064",0.613103,0.97,0.745517
2003,8,"B0065",0.647241,1.02,0.786207
2003,8,"B0279",0.638276,1.02,0.772759
2003,8,"B0354",0.399677,0.62,0.49
2003,8,"B0394",0.636452,1,0.782903
2003,8,"B0492",0.69129,1.07,0.840968
2003,8,"B0494",0.72129,1.14,0.877742
2003,8,"B0662",0.559677,0.87,0.67871
2003,8,"B0663",0.553871,0.85,0.669355
2003,8,"B0664",0.569355,0.88,0.689355
2003,8,"B0665",0.551613,0.85,0.664839
2003,8,"B0666",0.532258,0.81,0.64129
2003,8,"B0685",0.480323,0.71,0.57
2003,8,"B0688",0.45,0.66,0.532581
2003,8,"B0871",0.522903,0.78,0.59129
2003,9,"B0064",0.479,1.01,0.608
2003,9,"B0065",0.511333,1.08,0.647333
2003,9,"B0279",0.549,1.1,0.700333
2003,9,"B0354",0.350333,0.64,0.438667
2003,9,"B0394",0.554667,1.12,0.709333
2003,9,"B0492",0.605667,1.17,0.768667
2003,9,"B0494",0.633667,1.21,0.802667
2003,9,"B0662",0.486667,0.82,0.592
2003,9,"B0663",0.48,0.81,0.584667
2003,9,"B0664",0.496667,0.83,0.602667
2003,9,"B0665",0.48,0.8,0.580667
2003,9,"B0666",0.463667,0.77,0.561
2003,9,"B0685",0.426667,0.67,0.505667
2003,9,"B0688",0.402,0.63,0.476333
2003,9,"B0871",0.482333,0.66,0.540667
2003,10,"B0064",0.513548,1.22,0.64129
2003,10,"B0065",0.551935,1.3,0.68871
2003,10,"B0279",0.621667,1.24,0.761
2003,10,"B0354",0.400645,0.74,0.478387
2003,10,"B0394",0.632258,1.17,0.761613
2003,10,"B0492",0.706452,1.34,0.853871
2003,10,"B0494",0.755806,1.5,0.915806
2003,10,"B0662",0.547097,0.93,0.649032
2003,10,"B0663",0.54129,0.92,0.64
2003,10,"B0664",0.563548,0.95,0.666129
2003,10,"B0665",0.540645,0.91,0.63871
2003,10,"B0666",0.524516,0.88,0.61871
2003,10,"B0685",0.485161,0.77,0.569355
2003,10,"B0688",0.461935,0.73,0.537742
2003,10,"B0871",0.556774,0.79,0.624516
2003,11,"B0064",0.434,0.85,0.541667
2003,11,"B0065",0.465667,0.9,0.58
2003,11,"B0279",0.504,0.95,0.633
2003,11,"B0354",0.34,0.76,0.429333
2003,11,"B0394",0.525667,0.98,0.667667
2003,11,"B0492",0.575333,1.05,0.728
2003,11,"B0494",0.603667,1.1,0.759333
2003,11,"B0662",0.469,0.82,0.575333
2003,11,"B0663",0.462,0.81,0.57
2003,11,"B0664",0.481333,0.84,0.59
2003,11,"B0665",0.462,0.81,0.567
2003,11,"B0666",0.449667,0.78,0.550667
2003,11,"B0685",0.423667,0.77,0.516667
2003,11,"B0688",0.406667,0.75,0.496
2003,11,"B0871",0.498,0.92,0.581667
2003,12,"B0064",0.569032,1.29,0.697742
2003,12,"B0065",0.60871,1.37,0.74871
2003,12,"B0279",0.664839,1.39,0.806129
2003,12,"B0354",0.466452,0.9,0.569355
2003,12,"B0394",0.688387,1.4,0.836129
2003,12,"B0492",0.769677,1.59,0.933871
2003,12,"B0494",0.826129,1.75,1.00258
2003,12,"B0662",0.638387,1.19,0.763871
2003,12,"B0663",0.632903,1.18,0.76
2003,12,"B0664",0.659032,1.22,0.788387
2003,12,"B0665",0.631935,1.17,0.756774
2003,12,"B0666",0.613548,1.13,0.736774
2003,12,"B0685",0.584839,1.09,0.701935
2003,12,"B0688",0.565161,1.07,0.679355
2003,12,"B0871",0.720323,1.78,0.86
2004,1,"B0064",0.624194,1.49,0.765806
2004,1,"B0065",0.679032,1.69,0.842581
2004,1,"B0279",0.668065,1.27,0.796452
2004,1,"B0354",0.47,1.09,0.576774
2004,1,"B0394",0.709032,1.48,0.857419
2004,1,"B0492",0.790968,1.66,0.953871
2004,1,"B0494",0.846774,1.78,1.02032
2004,1,"B0662",0.62,1.24,0.742258
2004,1,"B0663",0.609677,1.2,0.729677
2004,1,"B0664",0.633226,1.25,0.757742
2004,1,"B0665",0.606452,1.19,0.725484
2004,1,"B0666",0.58871,1.15,0.701613
2004,1,"B0685",0.545161,1.07,0.650968
2004,1,"B0688",0.525161,1.04,0.628065
2004,1,"B0871",0.64871,1.31,0.764194
2004,2,"B0064",0.599583,1.17,0.729583
2004,2,"B0065",0.642917,1.24,0.7825
2004,2,"B0279",0.68625,1.22,0.817083
2004,2,"B0354",0.513103,1.18,0.646207
2004,2,"B0394",0.764828,1.66,0.92931
2004,2,"B0492",0.863103,1.93,1.04276
2004,2,"B0494",0.926552,2.11,1.11586
2004,2,"B0662",0.708621,1.6,0.852414
2004,2,"B0663",0.702069,1.57,0.846207
2004,2,"B0664",0.727586,1.63,0.877241
2004,2,"B0665",0.698966,1.56,0.841379
2004,2,"B0666",0.680345,1.54,0.819655
2004,2,"B0685",0.641379,1.4,0.777931
2004,2,"B0688",0.618966,1.36,0.753103
2004,2,"B0871",0.77,1.95,0.928276
2004,3,"B0064",0.618333,1.11,0.730556
2004,3,"B0065",0.662778,1.17,0.783889
2004,3,"B0279",0.713333,1.26,0.852778
2004,3,"B0354",0.396129,0.78,0.475161
2004,3,"B0394",0.613226,1.23,0.757097
2004,3,"B0492",0.679355,1.4,0.832258
2004,3,"B0494",0.716774,1.53,0.877419
2004,3,"B0662",0.529032,1,0.630645
2004,3,"B0663",0.520968,0.99,0.621613
2004,3,"B0664",0.541613,1.02,0.643548
2004,3,"B0665",0.519355,0.98,0.618065
2004,3,"B0666",0.503871,0.95,0.597097
2004,3,"B0685",0.464194,0.86,0.544839
2004,3,"B0688",0.443548,0.82,0.520323
2004,3,"B0871",0.525806,0.84,0.599355
2004,4,"B0064",0.624667,1.25,0.777333
2004,4,"B0065",0.668667,1.34,0.829333
2004,4,"B0279",0.73,1.04,0.832
2004,4,"B0354",0.450333,0.76,0.549333
2004,4,"B0394",0.714,1.3,0.883333
2004,4,"B0492",0.792,1.42,0.965667
2004,4,"B0494",0.838,1.48,1.01733
2004,4,"B0662",0.653667,1.11,0.794333
2004,4,"B0663",0.644,1.1,0.784667
2004,4,"B0664",0.668667,1.13,0.811333
2004,4,"B0665",0.646333,1.09,0.783333
2004,4,"B0666",0.624333,1.05,0.756
2004,4,"B0685",0.574667,0.92,0.691
2004,4,"B0688",0.540333,0.87,0.649
2004,4,"B0871",0.687667,1.24,0.81
2004,5,"B0064",0.622581,1.22,0.754516
2004,5,"B0065",0.664194,1.29,0.804839
2004,5,"B0279",0.7084,1.23,0.8908
2004,5,"B0354",0.431613,0.75,0.533871
2004,5,"B0394",0.706452,1.26,0.898387
2004,5,"B0492",0.774194,1.36,0.970645
2004,5,"B0494",0.814839,1.43,1.01774
2004,5,"B0662",0.589677,0.99,0.724516
2004,5,"B0663",0.582258,0.97,0.714516
2004,5,"B0664",0.600323,1,0.737419
2004,5,"B0665",0.58129,0.97,0.712258
2004,5,"B0666",0.56129,0.93,0.686129
2004,5,"B0685",0.510323,0.84,0.616452
2004,5,"B0688",0.480323,0.79,0.579677
2004,5,"B0871",0.586129,1.06,0.689032
2004,6,"B0064",0.616667,0.75,0.7
2004,6,"B0065",0.66,0.79,0.74
2004,6,"B0279",0.77,0.87,0.85
2004,6,"B0354",0.373333,0.71,0.448667
2004,6,"B0394",0.62,1.22,0.760667
2004,6,"B0492",0.682,1.36,0.835
2004,6,"B0494",0.716,1.54,0.877333
2004,6,"B0662",0.519,0.87,0.604333
2004,6,"B0663",0.512667,0.85,0.596333
2004,6,"B0664",0.531,0.89,0.616
2004,6,"B0665",0.512667,0.85,0.594667
2004,6,"B0666",0.495,0.82,0.573333
2004,6,"B0685",0.458667,0.74,0.525667
2004,6,"B0688",0.432,0.68,0.494
2004,6,"B0871",0.542,1.1,0.609
2004,7,"B0064",0.514167,0.91,0.678333
2004,7,"B0065",0.543333,0.96,0.716667
2004,7,"B0279",0.5625,0.93,0.731667
2004,7,"B0354",0.353871,0.6,0.446774
2004,7,"B0394",0.534839,0.91,0.68
2004,7,"B0492",0.577097,0.99,0.71871
2004,7,"B0494",0.595806,1.05,0.743226
2004,7,"B0662",0.496129,0.84,0.601613
2004,7,"B0663",0.489677,0.83,0.596774
2004,7,"B0664",0.505161,0.86,0.613226
2004,7,"B0665",0.490645,0.84,0.594194
2004,7,"B0666",0.477097,0.82,0.575484
2004,7,"B0685",0.447097,0.79,0.529032
2004,7,"B0688",0.423548,0.73,0.499677
2004,7,"B0871",0.5,0.87,0.563871
2004,8,"B0064",0.426774,0.83,0.545484
2004,8,"B0065",0.455484,0.88,0.579677
2004,8,"B0279",0.479355,0.9,0.613871
2004,8,"B0354",0.317742,0.58,0.397742
2004,8,"B0394",0.493548,0.89,0.621613
2004,8,"B0492",0.534839,0.93,0.664839
2004,8,"B0494",0.555161,0.95,0.691935
2004,8,"B0662",0.438065,0.73,0.530968
2004,8,"B0663",0.432581,0.72,0.525161
2004,8,"B0664",0.446129,0.74,0.54129
2004,8,"B0665",0.431935,0.71,0.522258
2004,8,"B0666",0.41871,0.69,0.504516
2004,8,"B0685",0.38871,0.57,0.457097
2004,8,"B0688",0.369677,0.54,0.433548
2004,8,"B0871",0.439032,0.6,0.491935
2004,9,"B0064",0.509333,1.15,0.643667
2004,9,"B0065",0.542,1.22,0.684
2004,9,"B0279",0.568,1.16,0.715333
2004,9,"B0354",0.370333,0.7,0.46
2004,9,"B0394",0.580333,1.19,0.731667
2004,9,"B0492",0.633333,1.25,0.796
2004,9,"B0494",0.662,1.29,0.827667
2004,9,"B0662",0.506333,0.93,0.627667
2004,9,"B0663",0.498333,0.91,0.62
2004,9,"B0664",0.515667,0.94,0.638
2004,9,"B0665",0.498667,0.91,0.617
2004,9,"B0666",0.484333,0.88,0.596667
2004,9,"B0685",0.45,0.79,0.544333
2004,9,"B0688",0.429,0.74,0.516333
2004,9,"B0871",0.518,0.91,0.592333
2004,10,"B0064",0.482667,0.93,0.596
2004,10,"B0065",0.513667,0.99,0.632
2004,10,"B0279",0.548333,1.05,0.688667
2004,10,"B0354",0.364194,0.96,0.470323
2004,10,"B0394",0.556774,1.06,0.707419
2004,10,"B0492",0.613226,1.12,0.766774
2004,10,"B0494",0.645484,1.19,0.80129
2004,10,"B0662",0.51871,1.14,0.643548
2004,10,"B0663",0.513226,1.14,0.637097
2004,10,"B0664",0.532258,1.16,0.658387
2004,10,"B0665",0.513226,1.14,0.636129
2004,10,"B0666",0.499355,1.12,0.61871
2004,10,"B0685",0.472581,1.12,0.58129
2004,10,"B0688",0.453226,1.1,0.558065
2004,10,"B0871",0.566129,1.34,0.673871
2004,11,"B0064",0.468667,1.22,0.577667
2004,11,"B0065",0.499667,1.31,0.62
2004,11,"B0279",0.543667,1.25,0.661333
2004,11,"B0354",0.362667,0.65,0.442667
2004,11,"B0394",0.561667,1.2,0.688333
2004,11,"B0492",0.627333,1.37,0.766333
2004,11,"B0494",0.663667,1.47,0.809
2004,11,"B0662",0.497,0.92,0.602
2004,11,"B0663",0.491667,0.91,0.594667
2004,11,"B0664",0.511667,0.94,0.619
2004,11,"B0665",0.491667,0.9,0.593667
2004,11,"B0666",0.477,0.86,0.575667
2004,11,"B0685",0.445333,0.84,0.536667
2004,11,"B0688",0.427333,0.81,0.514
2004,11,"B0871",0.519333,1.11,0.602333
2004,12,"B0064",0.546774,1.27,0.652903
2004,12,"B0065",0.583871,1.29,0.697097
2004,12,"B0279",0.615161,1.43,0.750645
2004,12,"B0354",0.486129,1.59,0.632258
2004,12,"B0394",0.663871,1.69,0.817742
2004,12,"B0492",0.729677,1.74,0.889032
2004,12,"B0494",0.76871,1.75,0.930323
2004,12,"B0662",0.645484,1.67,0.780645
2004,12,"B0663",0.642581,1.68,0.77871
2004,12,"B0664",0.665161,1.74,0.805484
2004,12,"B0665",0.639355,1.68,0.776452
2004,12,"B0666",0.626129,1.66,0.76
2004,12,"B0685",0.610645,1.77,0.756129
2004,12,"B0688",0.596452,1.75,0.740968
2004,12,"B0871",0.764516,2.55,0.953226
2005,1,"B0064",0.619643,1.62,0.760357
2005,1,"B0065",0.663571,1.77,0.817143
2005,1,"B0279",0.678214,1.98,0.817857
2005,1,"B0354",0.475161,1.45,0.587097
2005,1,"B0394",0.691935,2.05,0.847419
2005,1,"B0492",0.771613,2.31,0.946774
2005,1,"B0494",0.824516,2.54,1.01097
2005,1,"B0662",0.654839,2,0.792903
2005,1,"B0663",0.648065,1.99,0.785161
2005,1,"B0664",0.669677,2.07,0.812903
2005,1,"B0665",0.644516,1.99,0.780645
2005,1,"B0666",0.627742,1.93,0.760323
2005,1,"B0685",0.594516,1.87,0.721613
2005,1,"B0688",0.57871,1.82,0.699677
2005,1,"B0871",0.739677,2.13,0.892258
2005,2,"B0064",0.556538,1.17,0.660385
2005,2,"B0065",0.595385,1.25,0.705769
2005,2,"B0279",0.610385,1.47,0.735769
2005,2,"B0354",0.464286,1.21,0.592857
2005,2,"B0394",0.643214,1.42,0.791786
2005,2,"B0492",0.716429,1.68,0.878571
2005,2,"B0494",0.758929,1.9,0.929286
2005,2,"B0662",0.6425,1.52,0.783929
2005,2,"B0663",0.637143,1.53,0.779643
2005,2,"B0664",0.661429,1.58,0.805357
2005,2,"B0665",0.636786,1.53,0.776071
2005,2,"B0666",0.62,1.51,0.7575
2005,2,"B0685",0.604286,1.61,0.7375
2005,2,"B0688",0.588214,1.6,0.716429
2005,2,"B0871",0.742143,1.91,0.881786
2005,3,"B0064",0.646452,1.52,0.843871
2005,3,"B0065",0.69129,1.63,0.898065
2005,3,"B0279",0.695806,1.26,0.902903
2005,3,"B0354",0.51,1.01,0.647097
2005,3,"B0394",0.73871,1.36,0.953226
2005,3,"B0492",0.828065,1.46,1.06097
2005,3,"B0494",0.882258,1.64,1.12968
2005,3,"B0662",0.733226,1.24,0.865484
2005,3,"B0663",0.722903,1.22,0.855484
2005,3,"B0664",0.75,1.24,0.884194
2005,3,"B0665",0.721613,1.19,0.852581
2005,3,"B0666",0.7,1.16,0.827097
2005,3,"B0685",0.659677,1.11,0.779355
2005,3,"B0688",0.633871,1.07,0.747742
2005,3,"B0871",0.814516,1.79,0.98871
2005,4,"B0064",0.599,1.06,0.744667
2005,4,"B0065",0.639,1.12,0.793333
2005,4,"B0279",0.694,1.15,0.852667
2005,4,"B0354",0.443667,0.73,0.541333
2005,4,"B0394",0.704667,1.17,0.867333
2005,4,"B0492",0.789,1.29,0.963667
2005,4,"B0494",0.836667,1.37,1.017
2005,4,"B0662",0.620333,0.98,0.744333
2005,4,"B0663",0.611333,0.97,0.736667
2005,4,"B0664",0.634667,1.02,0.763667
2005,4,"B0665",0.611,0.97,0.734333
2005,4,"B0666",0.591333,0.95,0.712
2005,4,"B0685",0.548667,0.85,0.656
2005,4,"B0688",0.520667,0.81,0.622
2005,4,"B0871",0.643,1.04,0.740333
2005,5,"B0064",0.553,0.99,0.737
2005,5,"B0065",0.59,1.05,0.781
2005,5,"B0279",0.593,1.1,0.819
2005,5,"B0354",0.433871,0.83,0.563871
2005,5,"B0394",0.712258,1.35,0.93129
2005,5,"B0492",0.789032,1.49,1.00935
2005,5,"B0494",0.832581,1.59,1.06032
2005,5,"B0662",0.616452,1.12,0.774194
2005,5,"B0663",0.608065,1.1,0.766129
2005,5,"B0664",0.629355,1.14,0.78871
2005,5,"B0665",0.606452,1.09,0.760323
2005,5,"B0666",0.584839,1.05,0.733548
2005,5,"B0685",0.528387,0.91,0.652581
2005,5,"B0688",0.5,0.86,0.614516
2005,5,"B0871",0.57871,0.9,0.654516
2005,6,"B0354",0.438,0.7,0.534
2005,6,"B0394",0.708,1.21,0.872333
2005,6,"B0492",0.783333,1.31,0.950333
2005,6,"B0494",0.826,1.44,0.999
2005,6,"B0662",0.611,0.96,0.735
2005,6,"B0663",0.602,0.94,0.725
2005,6,"B0664",0.623,0.97,0.747333
2005,6,"B0665",0.601667,0.93,0.720667
2005,6,"B0666",0.581333,0.9,0.696
2005,6,"B0685",0.531667,0.79,0.626333
2005,6,"B0688",0.499,0.74,0.586667
2005,6,"B0871",0.607,0.96,0.681667
2005,7,"B0064",0.489231,0.81,0.574615
2005,7,"B0065",0.519231,0.86,0.610769
2005,7,"B0279",0.542308,0.86,0.638462
2005,7,"B0354",0.352581,0.59,0.42129
2005,7,"B0394",0.573871,1,0.689355
2005,7,"B0492",0.623871,1.08,0.740968
2005,7,"B0494",0.65129,1.13,0.772903
2005,7,"B0662",0.492581,0.81,0.57871
2005,7,"B0663",0.485484,0.79,0.57129
2005,7,"B0664",0.502258,0.82,0.589677
2005,7,"B0665",0.485484,0.79,0.56871
2005,7,"B0666",0.469677,0.76,0.55
2005,7,"B0685",0.43129,0.7,0.497419
2005,7,"B0688",0.409032,0.64,0.466452
2005,7,"B0871",0.50129,0.85,0.556774
2005,8,"B0064",0.404194,0.93,0.504516
2005,8,"B0065",0.429677,1,0.534516
2005,8,"B0279",0.454839,1.03,0.580645
2005,8,"B0354",0.306129,0.62,0.380645
2005,8,"B0394",0.47,1.02,0.594194
2005,8,"B0492",0.502903,1.1,0.630323
2005,8,"B0494",0.522903,1.15,0.655484
2005,8,"B0662",0.416774,0.81,0.507419
2005,8,"B0663",0.412903,0.8,0.502258
2005,8,"B0664",0.425806,0.83,0.516774
2005,8,"B0665",0.412581,0.8,0.500323
2005,8,"B0666",0.4,0.77,0.484194
2005,8,"B0685",0.375806,0.68,0.443548
2005,8,"B0688",0.358387,0.63,0.420645
2005,8,"B0871",0.442903,0.73,0.50129
2005,9,"B0064",0.503,0.86,0.622667
2005,9,"B0065",0.537667,0.91,0.662333
2005,9,"B0279",0.565667,0.92,0.699
2005,9,"B0354",0.356667,0.56,0.434
2005,9,"B0394",0.579333,0.94,0.712
2005,9,"B0492",0.629,0.98,0.77
2005,9,"B0494",0.653,1.02,0.802333
2005,9,"B0662",0.513,0.84,0.618333
2005,9,"B0663",0.505,0.81,0.608667
2005,9,"B0664",0.524333,0.89,0.632333
2005,9,"B0665",0.508333,0.9,0.612667
2005,9,"B0666",0.491667,0.87,0.591
2005,9,"B0685",0.459333,1,0.545667
2005,9,"B0688",0.433333,0.9,0.511
2005,9,"B0871",0.556333,1.35,0.635
2005,10,"B0064",0.546333,1.09,0.668667
2005,10,"B0065",0.586667,1.18,0.718333
2005,10,"B0279",0.631667,1.28,0.773
2005,10,"B0354",0.398387,0.76,0.48
2005,10,"B0394",0.642258,1.3,0.785806
2005,10,"B0492",0.717097,1.42,0.870645
2005,10,"B0494",0.760323,1.49,0.923548
2005,10,"B0662",0.56,1.04,0.663548
2005,10,"B0663",0.552258,1.02,0.654516
2005,10,"B0664",0.574516,1.06,0.679355
2005,10,"B0665",0.551935,1.02,0.652581
2005,10,"B0666",0.534194,0.98,0.63129
2005,10,"B0685",0.49129,0.89,0.579355
2005,10,"B0688",0.470968,0.83,0.552581
2005,10,"B0871",0.579032,1.06,0.662581
2005,11,"B0354",0.397,0.92,0.487667
2005,11,"B0394",0.604333,1.4,0.738667
2005,11,"B0492",0.668,1.6,0.819333
2005,11,"B0494",0.706333,1.74,0.866
2005,11,"B0662",0.535,1.16,0.642
2005,11,"B0663",0.528333,1.14,0.635667
2005,11,"B0664",0.548333,1.18,0.66
2005,11,"B0665",0.528667,1.13,0.633333
2005,11,"B0666",0.513667,1.09,0.615333
2005,11,"B0685",0.483667,1.01,0.579
2005,11,"B0688",0.465667,1,0.558333
2005,11,"B0871",0.554667,1.08,0.652667
2005,12,"B0354",0.557419,2.38,0.684194
2005,12,"B0394",0.810968,3.08,0.96871
2005,12,"B0492",0.898065,3.13,1.06871
2005,12,"B0494",0.967097,3.32,1.14484
2005,12,"B0662",0.696129,1.91,0.817097
2005,12,"B0663",0.687419,1.87,0.805484
2005,12,"B0664",0.713548,1.95,0.836129
2005,12,"B0665",0.682581,1.84,0.79871
2005,12,"B0666",0.663226,1.78,0.777742
2005,12,"B0685",0.610968,1.57,0.715484
2005,12,"B0688",0.590645,1.53,0.692581
2005,12,"B0871",0.740968,2.33,0.886774
2006,1,"B0354",0.565806,1.49,0.694194
2006,1,"B0394",0.850645,2.06,1.03097
2006,1,"B0492",0.952258,2.37,1.15226
2006,1,"B0494",1.02387,2.62,1.23839
2006,1,"B0662",0.742903,1.97,0.895484
2006,1,"B0663",0.732903,1.95,0.882581
2006,1,"B0664",0.76129,2.01,0.914516
2006,1,"B0665",0.73,1.95,0.877097
2006,1,"B0666",0.708065,1.91,0.85129
2006,1,"B0685",0.653871,1.91,0.786129
2006,1,"B0688",0.63129,1.87,0.757742
2006,1,"B0871",0.779032,2.22,0.931935
2006,2,"B0354",0.446429,1.23,0.556429
2006,2,"B0394",0.673214,1.4,0.839286
2006,2,"B0492",0.752143,1.5,0.933929
2006,2,"B0494",0.799643,1.56,0.986071
2006,2,"B0662",0.616071,1.53,0.75
2006,2,"B0663",0.607857,1.54,0.740714
2006,2,"B0664",0.631429,1.59,0.763929
2006,2,"B0665",0.604286,1.54,0.733571
2006,2,"B0666",0.588571,1.51,0.715
2006,2,"B0685",0.55,1.57,0.662143
2006,2,"B0688",0.53,1.54,0.6375
2006,2,"B0871",0.668214,1.77,0.785357
2006,3,"B0064",0.545556,0.83,0.636667
2006,3,"B0065",0.581111,0.88,0.677778
2006,3,"B0263",0.72,1.06,0.834444
2006,3,"B0264",0.731111,1.07,0.844444
2006,3,"B0278",0.655556,0.94,0.757778
2006,3,"B0279",0.661111,0.95,0.762222
2006,3,"B0354",0.466129,0.79,0.587419
2006,3,"B0394",0.730645,1.17,0.917097
2006,3,"B0492",0.812903,1.33,1.00645
2006,3,"B0494",0.866129,1.46,1.06871
2006,3,"B0662",0.666774,1.05,0.812581
2006,3,"B0663",0.660323,1.04,0.804839
2006,3,"B0664",0.685484,1.08,0.832581
2006,3,"B0665",0.658387,1.04,0.799355
2006,3,"B0666",0.638387,1.01,0.776129
2006,3,"B0685",0.594839,0.98,0.720968
2006,3,"B0688",0.570323,0.95,0.688387
2006,3,"B0871",0.702258,1.37,0.81871
2006,4,"B0064",0.524,1.58,0.7
2006,4,"B0065",0.561333,1.67,0.746667
2006,4,"B0263",0.676,2.04,0.903333
2006,4,"B0264",0.686,2.04,0.916333
2006,4,"B0278",0.619333,1.88,0.83
2006,4,"B0279",0.620333,1.89,0.833667
2006,4,"B0354",0.406333,1.18,0.538
2006,4,"B0394",0.635333,1.84,0.845
2006,4,"B0492",0.709333,2.12,0.939
2006,4,"B0494",0.757,2.32,1.00433
2006,4,"B0662",0.599,1.73,0.754
2006,4,"B0663",0.592667,1.71,0.746333
2006,4,"B0664",0.615,1.78,0.773
2006,4,"B0665",0.592333,1.7,0.744333
2006,4,"B0666",0.575333,1.64,0.72
2006,4,"B0685",0.543667,1.53,0.671
2006,4,"B0688",0.520667,1.47,0.642667
2006,4,"B0871",0.678667,1.71,0.801667
2006,5,"B0064",0.551935,1.28,0.656452
2006,5,"B0065",0.592903,1.36,0.70129
2006,5,"B0263",0.69871,1.5,0.82129
2006,5,"B0264",0.709032,1.52,0.833226
2006,5,"B0278",0.637419,1.33,0.747742
2006,5,"B0279",0.640645,1.33,0.750968
2006,5,"B0354",0.399032,0.73,0.467742
2006,5,"B0394",0.648387,1.35,0.761613
2006,5,"B0492",0.726129,1.49,0.846774
2006,5,"B0494",0.766774,1.56,0.894516
2006,5,"B0662",0.562903,0.99,0.65129
2006,5,"B0663",0.553548,0.97,0.641613
2006,5,"B0664",0.578065,1,0.666774
2006,5,"B0665",0.555484,0.96,0.64129
2006,5,"B0666",0.536129,0.92,0.619032
2006,5,"B0685",0.496129,0.83,0.568387
2006,5,"B0688",0.46871,0.79,0.53871
2006,5,"B0871",0.596129,0.86,0.675161
2006,6,"B0064",0.593333,1.03,0.717333
2006,6,"B0065",0.633333,1.11,0.764667
2006,6,"B0263",0.734,1.22,0.876
2006,6,"B0264",0.745,1.25,0.886667
2006,6,"B0278",0.678333,1.12,0.813333
2006,6,"B0279",0.682,1.13,0.816333
2006,6,"B0354",0.423,0.68,0.504667
2006,6,"B0394",0.686,1.15,0.816667
2006,6,"B0492",0.752333,1.24,0.889333
2006,6,"B0494",0.789,1.3,0.933667
2006,6,"B0662",0.588667,0.89,0.688667
2006,6,"B0663",0.579333,0.88,0.678333
2006,6,"B0664",0.599333,0.91,0.700333
2006,6,"B0665",0.579333,0.87,0.676
2006,6,"B0666",0.558667,0.84,0.651333
2006,6,"B0685",0.515,0.73,0.590667
2006,6,"B0688",0.482,0.69,0.551
2006,6,"B0871",0.607,0.85,0.670333
2006,7,"B0064",0.530323,1,0.645484
2006,7,"B0065",0.565806,1.06,0.686774
2006,7,"B0263",0.66,1.25,0.793871
2006,7,"B0264",0.67129,1.27,0.806129
2006,7,"B0278",0.612258,1.15,0.739032
2006,7,"B0279",0.616129,1.17,0.744839
2006,7,"B0354",0.39,0.68,0.467097
2006,7,"B0394",0.61871,1.16,0.746129
2006,7,"B0492",0.680645,1.23,0.812581
2006,7,"B0494",0.717419,1.33,0.859677
2006,7,"B0662",0.557097,0.96,0.662258
2006,7,"B0663",0.55,0.94,0.653548
2006,7,"B0664",0.569032,0.97,0.674839
2006,7,"B0665",0.55,0.92,0.649677
2006,7,"B0666",0.532581,0.89,0.629032
2006,7,"B0685",0.49,0.76,0.567742
2006,7,"B0688",0.463548,0.71,0.535484
2006,7,"B0871",0.561613,0.77,0.621613
2006,8,"B0064",0.482258,0.78,0.594839
2006,8,"B0065",0.511935,0.84,0.629032
2006,8,"B0263",0.582581,1.07,0.718065
2006,8,"B0264",0.590645,1.1,0.725161
2006,8,"B0278",0.537742,0.99,0.663548
2006,8,"B0279",0.538065,0.99,0.665161
2006,8,"B0354",0.366774,0.6,0.444194
2006,8,"B0394",0.55871,1,0.682258
2006,8,"B0492",0.602258,1.07,0.721935
2006,8,"B0494",0.619032,1.11,0.742258
2006,8,"B0662",0.513226,0.8,0.596129
2006,8,"B0663",0.506129,0.79,0.589032
2006,8,"B0664",0.524194,0.82,0.607097
2006,8,"B0665",0.51,0.8,0.591935
2006,8,"B0666",0.493548,0.78,0.572903
2006,8,"B0685",0.466452,0.75,0.536452
2006,8,"B0688",0.441935,0.69,0.506774
2006,8,"B0871",0.554516,0.92,0.632903
2006,9,"B0064",0.508667,0.94,0.615333
2006,9,"B0065",0.542,1,0.654333
2006,9,"B0263",0.608,1.08,0.742333
2006,9,"B0264",0.616667,1.09,0.751
2006,9,"B0278",0.560667,1.04,0.683667
2006,9,"B0279",0.561667,1.05,0.687
2006,9,"B0354",0.383,0.78,0.465333
2006,9,"B0394",0.583333,1.03,0.708667
2006,9,"B0492",0.64,1.07,0.766
2006,9,"B0494",0.665667,1.12,0.799667
2006,9,"B0662",0.548333,0.85,0.643333
2006,9,"B0663",0.541667,0.84,0.635333
2006,9,"B0664",0.562333,0.87,0.659333
2006,9,"B0665",0.546333,0.84,0.641
2006,9,"B0666",0.529333,0.82,0.622
2006,9,"B0685",0.502667,0.76,0.587667
2006,9,"B0688",0.471333,0.72,0.551667
2006,9,"B0871",0.607333,0.98,0.687667
2006,10,"B0064",0.44129,0.87,0.558387
2006,10,"B0065",0.472581,0.92,0.597097
2006,10,"B0263",0.542581,0.99,0.702258
2006,10,"B0264",0.550323,1,0.710645
2006,10,"B0278",0.492258,0.87,0.635806
2006,10,"B0279",0.493871,0.88,0.636774
2006,10,"B0354",0.333226,0.53,0.415161
2006,10,"B0394",0.519355,0.92,0.669032
2006,10,"B0492",0.56871,0.96,0.717097
2006,10,"B0494",0.595806,0.99,0.747097
2006,10,"B0662",0.483548,0.77,0.584839
2006,10,"B0663",0.476774,0.75,0.578065
2006,10,"B0664",0.496129,0.79,0.59871
2006,10,"B0665",0.479677,0.77,0.578387
2006,10,"B0666",0.465806,0.75,0.559355
2006,10,"B0685",0.442581,0.76,0.52129
2006,10,"B0688",0.419677,0.71,0.492903
2006,10,"B0871",0.533871,0.98,0.594516
2006,11,"B0064",0.579,1.09,0.724333
2006,11,"B0065",0.617667,1.16,0.773
2006,11,"B0263",0.746333,1.27,0.919667
2006,11,"B0264",0.757333,1.28,0.932
2006,11,"B0278",0.673333,1.15,0.829333
2006,11,"B0279",0.677667,1.15,0.834333
2006,11,"B0354",0.424667,0.68,0.513333
2006,11,"B0394",0.690333,1.16,0.849
2006,11,"B0492",0.758333,1.28,0.934
2006,11,"B0494",0.804,1.36,0.991333
2006,11,"B0662",0.562,0.94,0.677667
2006,11,"B0663",0.555,0.93,0.671333
2006,11,"B0664",0.576,0.96,0.694
2006,11,"B0665",0.552333,0.92,0.666
2006,11,"B0666",0.535,0.88,0.642667
2006,11,"B0685",0.486333,0.79,0.578667
2006,11,"B0688",0.464,0.74,0.55
2006,11,"B0871",0.529667,0.75,0.602
2006,12,"B0064",0.632258,1.45,0.793871
2006,12,"B0065",0.682581,1.55,0.855161
2006,12,"B0263",0.779355,1.75,0.979355
2006,12,"B0264",0.790323,1.77,0.989032
2006,12,"B0278",0.715806,1.61,0.901935
2006,12,"B0279",0.713548,1.62,0.899677
2006,12,"B0354",0.506452,1.13,0.631935
2006,12,"B0394",0.749032,1.62,0.938065
2006,12,"B0492",0.843226,1.84,1.05645
2006,12,"B0494",0.902581,1.98,1.13355
2006,12,"B0662",0.683226,1.46,0.852258
2006,12,"B0663",0.674194,1.44,0.840645
2006,12,"B0664",0.702581,1.5,0.875484
2006,12,"B0665",0.672581,1.44,0.83871
2006,12,"B0666",0.651935,1.39,0.813226
2006,12,"B0685",0.607419,1.3,0.757097
2006,12,"B0688",0.586452,1.26,0.729032
2006,12,"B0871",0.71871,1.49,0.889032
2007,1,"B0064",0.525161,1.3,0.630968
2007,1,"B0065",0.565161,1.38,0.679355
2007,1,"B0263",0.654333,1.5,0.768333
2007,1,"B0264",0.663,1.52,0.779667
2007,1,"B0278",0.594667,1.35,0.698
2007,1,"B0279",0.59,1.36,0.698065
2007,1,"B0354",0.415161,0.84,0.496129
2007,1,"B0394",0.628065,1.36,0.744516
2007,1,"B0492",0.693548,1.55,0.819677
2007,1,"B0494",0.734194,1.68,0.863871
2007,1,"B0662",0.54129,1.12,0.635484
2007,1,"B0663",0.534194,1.11,0.629355
2007,1,"B0664",0.556774,1.15,0.652903
2007,1,"B0665",0.532258,1.1,0.626452
2007,1,"B0666",0.519032,1.07,0.609355
2007,1,"B0685",0.483548,0.96,0.572581
2007,1,"B0688",0.467742,0.92,0.552903
2007,1,"B0871",0.55871,1.2,0.65129
2007,2,"B0064",0.658929,1.29,0.804643
2007,2,"B0065",0.711786,1.45,0.873214
2007,2,"B0263",0.778571,1.33,0.934643
2007,2,"B0264",0.791786,1.36,0.948571
2007,2,"B0278",0.715357,1.25,0.855357
2007,2,"B0279",0.7125,1.24,0.854286
2007,2,"B0354",0.482143,0.89,0.580357
2007,2,"B0394",0.743929,1.3,0.8975
2007,2,"B0492",0.828929,1.43,0.9925
2007,2,"B0494",0.882857,1.51,1.05286
2007,2,"B0662",0.659643,1.16,0.7775
2007,2,"B0663",0.649286,1.13,0.765
2007,2,"B0664",0.674643,1.17,0.793571
2007,2,"B0665",0.645714,1.12,0.759643
2007,2,"B0666",0.625357,1.08,0.734643
2007,2,"B0685",0.575714,0.98,0.671429
2007,2,"B0688",0.553571,0.94,0.645714
2007,2,"B0871",0.658929,1.31,0.768929
2007,3,"B0064",0.523226,1.21,0.653871
2007,3,"B0065",0.56,1.29,0.7
2007,3,"B0263",0.65129,1.53,0.80129
2007,3,"B0264",0.659677,1.55,0.813548
2007,3,"B0278",0.590968,1.38,0.730968
2007,3,"B0279",0.59129,1.39,0.732903
2007,3,"B0354",0.38,0.82,0.46129
2007,3,"B0394",0.611935,1.37,0.753548
2007,3,"B0492",0.677097,1.54,0.828387
2007,3,"B0494",0.714194,1.67,0.873548
2007,3,"B0662",0.520645,1.06,0.624839
2007,3,"B0663",0.514839,1.05,0.615806
2007,3,"B0664",0.534839,1.09,0.63871
2007,3,"B0665",0.514194,1.04,0.613226
2007,3,"B0666",0.497419,1.01,0.593226
2007,3,"B0685",0.459032,0.9,0.544194
2007,3,"B0688",0.437097,0.86,0.517742
2007,3,"B0871",0.528387,0.95,0.622581
2007,4,"B0064",0.724333,1.47,0.901
2007,4,"B0065",0.777,1.56,0.962333
2007,4,"B0263",0.874,1.6,1.082
2007,4,"B0264",0.886667,1.62,1.099
2007,4,"B0278",0.801333,1.44,0.991
2007,4,"B0279",0.802667,1.45,0.994667
2007,4,"B0354",0.509667,0.91,0.618667
2007,4,"B0394",0.816667,1.46,1.012
2007,4,"B0492",0.913,1.64,1.11333
2007,4,"B0494",0.969,1.74,1.176
2007,4,"B0662",0.703333,1.18,0.835333
2007,4,"B0663",0.692667,1.16,0.824
2007,4,"B0664",0.719667,1.21,0.852333
2007,4,"B0665",0.691,1.16,0.820333
2007,4,"B0666",0.668,1.12,0.793
2007,4,"B0685",0.615333,1.08,0.722667
2007,4,"B0688",0.582667,1.02,0.682667
2007,4,"B0871",0.726,1.73,0.841
2007,5,"B0064",0.589677,1.19,0.725806
2007,5,"B0065",0.627419,1.27,0.771935
2007,5,"B0263",0.756452,1.48,0.920645
2007,5,"B0264",0.767742,1.5,0.935484
2007,5,"B0278",0.693226,1.33,0.849355
2007,5,"B0279",0.696452,1.34,0.855161
2007,5,"B0354",0.417097,0.79,0.506452
2007,5,"B0394",0.701935,1.36,0.860323
2007,5,"B0492",0.775484,1.46,0.940323
2007,5,"B0494",0.818065,1.55,0.99
2007,5,"B0662",0.583871,1.07,0.70129
2007,5,"B0663",0.578065,1.06,0.693226
2007,5,"B0664",0.597419,1.09,0.715806
2007,5,"B0665",0.576452,1.05,0.68871
2007,5,"B0666",0.556452,1.01,0.663548
2007,5,"B0685",0.504194,0.89,0.59
2007,5,"B0688",0.474839,0.84,0.553548
2007,5,"B0871",0.57871,0.96,0.659355
2007,6,"B0064",0.567667,1.15,0.706333
2007,6,"B0065",0.605667,1.23,0.752333
2007,6,"B0263",0.718667,1.43,0.873333
2007,6,"B0264",0.730667,1.45,0.889
2007,6,"B0278",0.652333,1.27,0.801333
2007,6,"B0279",0.655667,1.27,0.804667
2007,6,"B0354",0.387333,0.74,0.466667
2007,6,"B0394",0.666,1.29,0.808333
2007,6,"B0492",0.737333,1.41,0.903333
2007,6,"B0494",0.774333,1.47,0.951667
2007,6,"B0662",0.539667,0.96,0.654
2007,6,"B0663",0.532,0.95,0.645333
2007,6,"B0664",0.551333,0.98,0.667
2007,6,"B0665",0.532,0.94,0.640667
2007,6,"B0666",0.513,0.91,0.618667
2007,6,"B0685",0.465,0.81,0.548333
2007,6,"B0688",0.439667,0.76,0.517
2007,6,"B0871",0.543333,0.84,0.612333
2007,7,"B0064",0.597097,1.1,0.761613
2007,7,"B0065",0.634516,1.18,0.807419
2007,7,"B0263",0.758387,1.31,0.947419
2007,7,"B0264",0.77,1.33,0.959677
2007,7,"B0278",0.693871,1.22,0.875161
2007,7,"B0279",0.698387,1.23,0.882581
2007,7,"B0354",0.426129,0.73,0.540323
2007,7,"B0394",0.696774,1.17,0.875806
2007,7,"B0492",0.77,1.31,0.962903
2007,7,"B0494",0.813226,1.4,1.01871
2007,7,"B0662",0.566129,0.94,0.711613
2007,7,"B0663",0.55871,0.92,0.703226
2007,7,"B0664",0.575806,0.95,0.722581
2007,7,"B0665",0.555806,0.91,0.696129
2007,7,"B0666",0.536452,0.87,0.670968
2007,7,"B0685",0.486129,0.76,0.597419
2007,7,"B0688",0.460323,0.71,0.563226
2007,7,"B0871",0.532903,0.85,0.612581
2007,8,"B0064",0.539032,0.87,0.656129
2007,8,"B0065",0.572258,0.92,0.694839
2007,8,"B0263",0.682258,1.07,0.822258
2007,8,"B0264",0.689355,1.08,0.830968
2007,8,"B0278",0.626129,1.01,0.758065
2007,8,"B0279",0.629677,1.02,0.762903
2007,8,"B0354",0.388387,0.67,0.478387
2007,8,"B0394",0.631935,1,0.761935
2007,8,"B0492",0.685806,1.07,0.824194
2007,8,"B0494",0.717742,1.14,0.866452
2007,8,"B0662",0.523871,0.82,0.630645
2007,8,"B0663",0.517419,0.81,0.622581
2007,8,"B0664",0.532903,0.83,0.64129
2007,8,"B0665",0.513548,0.8,0.617419
2007,8,"B0666",0.497419,0.78,0.597097
2007,8,"B0685",0.450968,0.7,0.535161
2007,8,"B0688",0.427097,0.65,0.504516
2007,8,"B0871",0.491613,0.64,0.553871
2007,9,"B0064",0.528,1.01,0.651333
2007,9,"B0065",0.560333,1.06,0.691333
2007,9,"B0263",0.639,1.25,0.789667
2007,9,"B0264",0.648333,1.26,0.798667
2007,9,"B0278",0.581667,1.17,0.720333
2007,9,"B0279",0.585,1.18,0.725333
2007,9,"B0354",0.371333,0.74,0.453
2007,9,"B0394",0.597,1.15,0.74
2007,9,"B0492",0.658333,1.24,0.810333
2007,9,"B0494",0.690667,1.31,0.851333
2007,9,"B0662",0.528667,0.95,0.638
2007,9,"B0663",0.522333,0.94,0.630667
2007,9,"B0664",0.542333,0.97,0.652333
2007,9,"B0665",0.525,0.93,0.629667
2007,9,"B0666",0.508667,0.9,0.608667
2007,9,"B0685",0.478333,0.81,0.559
2007,9,"B0688",0.45,0.76,0.527667
2007,9,"B0871",0.567333,0.85,0.635
2007,10,"B0064",0.549677,1.16,0.703871
2007,10,"B0065",0.586774,1.23,0.749032
2007,10,"B0263",0.682083,1.31,0.78375
2007,10,"B0264",0.692917,1.33,0.801667
2007,10,"B0278",0.619167,1.21,0.715417
2007,10,"B0279",0.644839,1.27,0.830323
2007,10,"B0354",0.407097,0.79,0.514194
2007,10,"B0394",0.657419,1.27,0.84871
2007,10,"B0492",0.726452,1.39,0.931935
2007,10,"B0494",0.771935,1.5,0.99
2007,10,"B0662",0.558065,1.03,0.690323
2007,10,"B0663",0.550645,1.02,0.681613
2007,10,"B0664",0.572581,1.05,0.705161
2007,10,"B0665",0.550323,1.01,0.67871
2007,10,"B0666",0.533226,0.98,0.656774
2007,10,"B0685",0.49129,0.86,0.597097
2007,10,"B0688",0.466129,0.81,0.564839
2007,10,"B0871",0.562581,0.93,0.648065
2007,11,"B0064",0.4,0.71,0.455455
2007,11,"B0065",0.434545,0.76,0.496364
2007,11,"B0263",0.498182,0.78,0.557273
2007,11,"B0264",0.507273,0.81,0.569091
2007,11,"B0278",0.456364,0.73,0.511818
2007,11,"B0279",0.459091,0.75,0.512727
2007,11,"B0354",0.329667,0.54,0.391
2007,11,"B0394",0.491818,0.75,0.550909
2007,11,"B0492",0.588,1.02,0.693333
2007,11,"B0494",0.619667,1.08,0.729
2007,11,"B0662",0.479667,0.78,0.561
2007,11,"B0663",0.474667,0.77,0.553333
2007,11,"B0664",0.493,0.81,0.574667
2007,11,"B0665",0.476,0.82,0.555333
2007,11,"B0666",0.463,0.8,0.538333
2007,11,"B0685",0.435,0.82,0.504
2007,11,"B0688",0.411,0.75,0.477667
2007,11,"B0871",0.517,0.95,0.590667
2007,12,"B0064",0.716774,4.12,0.970323
2007,12,"B0065",0.778387,4.47,1.05129
2007,12,"B0263",0.850968,3.36,1.10871
2007,12,"B0264",0.866774,3.63,1.13419
2007,12,"B0278",0.782258,3.46,1.03
2007,12,"B0279",0.776774,3.25,1.01968
2007,12,"B0354",0.560645,3.11,0.756774
2007,12,"B0394",0.832581,4.09,1.10839
2007,12,"B0492",0.912258,4.1,1.19742
2007,12,"B0494",0.969677,4.36,1.26935
2007,12,"B0662",0.711935,2.84,0.922903
2007,12,"B0663",0.700645,2.81,0.90871
2007,12,"B0664",0.730645,2.94,0.946452
2007,12,"B0665",0.699032,2.73,0.904516
2007,12,"B0666",0.676452,2.65,0.874194
2007,12,"B0685",0.626774,2.34,0.808387
2007,12,"B0688",0.602903,2.27,0.776774
2007,12,"B0871",0.74129,3.64,0.969677
2008,1,"B0064",0.649355,1.42,0.808387
2008,1,"B0065",0.692903,1.58,0.862903
2008,1,"B0263",0.774839,1.58,0.972581
2008,1,"B0264",0.784839,1.59,0.983548
2008,1,"B0278",0.716774,1.5,0.898387
2008,1,"B0279",0.716452,1.51,0.899032
2008,1,"B0354",0.558065,1.32,0.746452
2008,1,"B0394",0.763226,1.57,0.981935
2008,1,"B0492",0.836774,1.73,1.05871
2008,1,"B0494",0.879032,1.8,1.1029
2008,1,"B0662",0.760968,1.79,0.954194
2008,1,"B0663",0.756129,1.79,0.949355
2008,1,"B0664",0.783871,1.84,0.982581
2008,1,"B0665",0.756129,1.79,0.95
2008,1,"B0666",0.737097,1.77,0.927097
2008,1,"B0685",0.72129,1.88,0.915161
2008,1,"B0688",0.700968,1.86,0.891935
2008,1,"B0871",0.90129,2.44,1.12452
2008,2,"B0064",0.714483,3.7,0.956897
2008,2,"B0065",0.773448,4.05,1.03793
2008,2,"B0263",0.816552,2.81,1.03793
2008,2,"B0264",0.831034,2.92,1.05828
2008,2,"B0278",0.753793,2.77,0.966897
2008,2,"B0279",0.747931,2.67,0.954483
2008,2,"B0354",0.554138,2.27,0.714483
2008,2,"B0394",0.804483,2.99,1.03103
2008,2,"B0492",0.88,3.12,1.12207
2008,2,"B0494",0.928276,3.26,1.18345
2008,2,"B0662",0.721724,2.37,0.894138
2008,2,"B0663",0.712759,2.31,0.881379
2008,2,"B0664",0.738621,2.34,0.908966
2008,2,"B0665",0.708966,2.28,0.873793
2008,2,"B0666",0.688966,2.19,0.848621
2008,2,"B0685",0.648621,2.02,0.797241
2008,2,"B0688",0.625517,1.95,0.768621
2008,2,"B0871",0.807931,3.46,1.05621
2008,3,"B0064",0.703548,1.25,0.849355
2008,3,"B0065",0.753226,1.33,0.909677
2008,3,"B0263",0.869355,1.47,1.04935
2008,3,"B0264",0.880645,1.47,1.06387
2008,3,"B0278",0.78871,1.33,0.955484
2008,3,"B0279",0.789677,1.34,0.96
2008,3,"B0354",0.506129,0.84,0.609355
2008,3,"B0394",0.815806,1.37,0.983871
2008,3,"B0492",0.900645,1.52,1.09419
2008,3,"B0494",0.951935,1.64,1.15484
2008,3,"B0662",0.691935,1.16,0.833548
2008,3,"B0663",0.68129,1.14,0.822258
2008,3,"B0664",0.707097,1.19,0.851935
2008,3,"B0665",0.680968,1.14,0.82
2008,3,"B0666",0.657097,1.1,0.790645
2008,3,"B0685",0.603226,1,0.721935
2008,3,"B0688",0.572258,0.97,0.685806
2008,3,"B0871",0.67871,1.14,0.796129
2008,4,"B0064",0.672,1.29,0.842333
2008,4,"B0065",0.717333,1.39,0.895667
2008,4,"B0263",0.832,1.47,1.04667
2008,4,"B0264",0.843333,1.49,1.06133
2008,4,"B0278",0.76,1.33,0.959667
2008,4,"B0279",0.763333,1.33,0.965333
2008,4,"B0354",0.47,0.85,0.600333
2008,4,"B0394",0.771667,1.34,0.975
2008,4,"B0492",0.845,1.46,1.05533
2008,4,"B0494",0.887667,1.53,1.107
2008,4,"B0662",0.635333,1.04,0.793667
2008,4,"B0663",0.628333,1.03,0.782667
2008,4,"B0664",0.649,1.06,0.806667
2008,4,"B0665",0.625333,1.02,0.778667
2008,4,"B0666",0.603,0.99,0.751
2008,4,"B0685",0.545667,0.89,0.677333
2008,4,"B0688",0.516667,0.85,0.639667
2008,4,"B0871",0.594667,0.98,0.690333
2008,5,"B0064",0.64129,1.46,0.84871
2008,5,"B0065",0.683548,1.55,0.901935
2008,5,"B0263",0.772903,1.61,0.972903
2008,5,"B0264",0.782903,1.63,0.985484
2008,5,"B0278",0.708387,1.46,0.893226
2008,5,"B0279",0.712581,1.47,0.898387
2008,5,"B0354",0.442581,0.91,0.553871
2008,5,"B0394",0.717742,1.47,0.905161
2008,5,"B0492",0.791613,1.65,0.993871
2008,5,"B0494",0.832581,1.74,1.04355
2008,5,"B0662",0.61,1.16,0.748387
2008,5,"B0663",0.60129,1.15,0.739677
2008,5,"B0664",0.622258,1.18,0.763871
2008,5,"B0665",0.599355,1.14,0.735161
2008,5,"B0666",0.579355,1.1,0.709355
2008,5,"B0685",0.527742,0.97,0.636129
2008,5,"B0688",0.498387,0.92,0.601935
2008,5,"B0871",0.572903,0.93,0.659677
2008,6,"B0064",0.639,1.22,0.804333
2008,6,"B0065",0.681667,1.3,0.857
2008,6,"B0263",0.775667,1.45,0.946333
2008,6,"B0264",0.785333,1.47,0.961667
2008,6,"B0278",0.708333,1.3,0.863333
2008,6,"B0279",0.712333,1.31,0.869
2008,6,"B0354",0.447667,0.78,0.536
2008,6,"B0394",0.722333,1.32,0.875333
2008,6,"B0492",0.799333,1.42,0.964667
2008,6,"B0494",0.840333,1.49,1.01133
2008,6,"B0662",0.622333,0.99,0.727667
2008,6,"B0663",0.612667,0.97,0.717667
2008,6,"B0664",0.635667,1,0.741667
2008,6,"B0665",0.614667,0.96,0.716667
2008,6,"B0666",0.595,0.93,0.692
2008,6,"B0685",0.553,0.82,0.637
2008,6,"B0688",0.518,0.77,0.597333
2008,6,"B0871",0.631333,0.88,0.699333
2008,7,"B0064",0.524516,1.05,0.641613
2008,7,"B0065",0.56,1.12,0.680645
2008,7,"B0263",0.649032,1.23,0.777419
2008,7,"B0264",0.657419,1.25,0.787742
2008,7,"B0278",0.593548,1.17,0.717742
2008,7,"B0279",0.596129,1.18,0.722903
2008,7,"B0354",0.381935,0.75,0.454516
2008,7,"B0394",0.606774,1.16,0.730323
2008,7,"B0492",0.664516,1.24,0.793871
2008,7,"B0494",0.696452,1.32,0.833226
2008,7,"B0662",0.528387,1.01,0.623548
2008,7,"B0663",0.520968,0.99,0.615161
2008,7,"B0664",0.540323,1.02,0.634839
2008,7,"B0665",0.520968,0.98,0.611613
2008,7,"B0666",0.504516,0.95,0.59129
2008,7,"B0685",0.470968,0.84,0.53871
2008,7,"B0688",0.446129,0.78,0.510323
2008,7,"B0871",0.547742,0.79,0.603226
2008,8,"B0064",0.469677,0.88,0.585806
2008,8,"B0065",0.498065,0.93,0.62129
2008,8,"B0263",0.576774,1.05,0.714516
2008,8,"B0264",0.584839,1.07,0.722258
2008,8,"B0278",0.518387,0.95,0.645161
2008,8,"B0279",0.520645,0.96,0.647097
2008,8,"B0354",0.346452,0.63,0.414516
2008,8,"B0394",0.542581,0.96,0.663226
2008,8,"B0492",0.58,1.03,0.710968
2008,8,"B0494",0.603871,1.08,0.738065
2008,8,"B0662",0.461613,0.79,0.542258
2008,8,"B0663",0.457419,0.79,0.536452
2008,8,"B0664",0.471935,0.81,0.551935
2008,8,"B0665",0.457097,0.78,0.533226
2008,8,"B0666",0.443548,0.75,0.517097
2008,8,"B0685",0.417097,0.68,0.475806
2008,8,"B0688",0.398387,0.64,0.452258
2008,8,"B0871",0.483548,0.68,0.53
2008,9,"B0064",0.505667,1.05,0.627333
2008,9,"B0065",0.538,1.13,0.666667
2008,9,"B0263",0.609333,1.22,0.762667
2008,9,"B0264",0.616333,1.24,0.771333
2008,9,"B0278",0.559,1.11,0.698667
2008,9,"B0279",0.561333,1.12,0.703333
2008,9,"B0354",0.364667,0.66,0.446333
2008,9,"B0394",0.575333,1.12,0.718333
2008,9,"B0492",0.625667,1.19,0.773667
2008,9,"B0494",0.651333,1.23,0.807333
2008,9,"B0662",0.519333,0.85,0.613
2008,9,"B0663",0.511333,0.84,0.606
2008,9,"B0664",0.529667,0.86,0.626333
2008,9,"B0665",0.514667,0.83,0.606667
2008,9,"B0666",0.497333,0.8,0.586
2008,9,"B0685",0.468667,0.73,0.540667
2008,9,"B0688",0.437667,0.69,0.508667
2008,9,"B0871",0.554,0.89,0.619667
2008,10,"B0064",0.51129,1.27,0.638387
2008,10,"B0065",0.546452,1.35,0.680645
2008,10,"B0263",0.627097,1.47,0.788065
2008,10,"B0264",0.635484,1.5,0.798065
2008,10,"B0278",0.573226,1.34,0.721613
2008,10,"B0279",0.576129,1.34,0.726129
2008,10,"B0354",0.386774,0.81,0.482258
2008,10,"B0394",0.594516,1.36,0.745806
2008,10,"B0492",0.657419,1.47,0.823548
2008,10,"B0494",0.693226,1.54,0.868387
2008,10,"B0662",0.540645,1.04,0.650645
2008,10,"B0663",0.533226,1.03,0.643226
2008,10,"B0664",0.554516,1.06,0.666774
2008,10,"B0665",0.535484,1.02,0.645484
2008,10,"B0666",0.519677,0.98,0.623871
2008,10,"B0685",0.492258,0.87,0.583226
2008,10,"B0688",0.468387,0.82,0.553871
2008,10,"B0871",0.598387,1.07,0.683226
2008,11,"B0064",0.491667,1.11,0.626
2008,11,"B0065",0.522667,1.18,0.664667
2008,11,"B0263",0.611,1.2,0.755667
2008,11,"B0264",0.618667,1.21,0.765333
2008,11,"B0278",0.550333,1.08,0.679333
2008,11,"B0279",0.551667,1.08,0.682
2008,11,"B0354",0.371667,0.65,0.448333
2008,11,"B0394",0.573,1.08,0.703667
2008,11,"B0492",0.634,1.21,0.779667
2008,11,"B0494",0.674333,1.27,0.829
2008,11,"B0662",0.507333,0.97,0.603333
2008,11,"B0663",0.501667,0.96,0.597333
2008,11,"B0664",0.520333,1,0.618667
2008,11,"B0665",0.501667,0.96,0.594667
2008,11,"B0666",0.487,0.93,0.578333
2008,11,"B0685",0.459,0.87,0.539
2008,11,"B0688",0.441333,0.83,0.518667
2008,11,"B0871",0.540667,0.95,0.616333
2008,12,"B0064",0.510968,1.17,0.667097
2008,12,"B0065",0.546452,1.24,0.71129
2008,12,"B0263",0.612903,1.47,0.779032
2008,12,"B0264",0.619355,1.49,0.787742
2008,12,"B0278",0.560323,1.33,0.710645
2008,12,"B0279",0.56129,1.34,0.713548
2008,12,"B0354",0.396129,0.89,0.49
2008,12,"B0394",0.585806,1.34,0.737419
2008,12,"B0492",0.638387,1.5,0.801935
2008,12,"B0494",0.666774,1.61,0.836774
2008,12,"B0662",0.51871,1.28,0.643226
2008,12,"B0663",0.514839,1.27,0.638387
2008,12,"B0664",0.532903,1.32,0.659355
2008,12,"B0665",0.511935,1.27,0.633548
2008,12,"B0666",0.49871,1.23,0.617097
2008,12,"B0685",0.465484,1.18,0.573548
2008,12,"B0688",0.447419,1.14,0.55
2008,12,"B0871",0.524516,1.36,0.643871
2009,1,"B0064",0.445484,1.07,0.541613
2009,1,"B0065",0.480645,1.13,0.584194
2009,1,"B0263",0.547419,1.07,0.656129
2009,1,"B0264",0.552581,1.08,0.661613
2009,1,"B0278",0.495161,0.95,0.594194
2009,1,"B0279",0.493548,0.95,0.593548
2009,1,"B0354",0.352581,0.62,0.426774
2009,1,"B0394",0.525806,0.98,0.632903
2009,1,"B0492",0.575484,1.08,0.690323
2009,1,"B0494",0.605484,1.12,0.726452
2009,1,"B0662",0.447419,0.9,0.537097
2009,1,"B0663",0.442258,0.89,0.532903
2009,1,"B0664",0.459355,0.92,0.551613
2009,1,"B0665",0.441935,0.88,0.530645
2009,1,"B0666",0.430323,0.85,0.515484
2009,1,"B0685",0.404516,0.77,0.488065
2009,1,"B0688",0.389032,0.72,0.47
2009,1,"B0871",0.48,0.79,0.557419
2009,2,"B0064",0.556071,1.34,0.705357
2009,2,"B0065",0.592143,1.42,0.749286
2009,2,"B0263",0.688929,1.36,0.863571
2009,2,"B0264",0.697857,1.38,0.874643
2009,2,"B0278",0.631429,1.23,0.792857
2009,2,"B0279",0.634286,1.24,0.796071
2009,2,"B0354",0.425357,1.16,0.543929
2009,2,"B0394",0.648571,1.39,0.813214
2009,2,"B0492",0.7275,1.51,0.897857
2009,2,"B0494",0.778929,1.61,0.962143
2009,2,"B0662",0.574286,1.36,0.716786
2009,2,"B0663",0.567143,1.37,0.71
2009,2,"B0664",0.59,1.42,0.736071
2009,2,"B0665",0.565714,1.37,0.706429
2009,2,"B0666",0.548929,1.34,0.686786
2009,2,"B0685",0.510357,1.4,0.644286
2009,2,"B0688",0.489286,1.37,0.618214
2009,2,"B0871",0.602143,1.63,0.739286
2009,3,"B0064",0.550645,1.13,0.695161
2009,3,"B0065",0.589355,1.2,0.742903
2009,3,"B0263",0.724286,1.23,0.891071
2009,3,"B0264",0.722903,1.25,0.900323
2009,3,"B0278",0.646774,1.1,0.803871
2009,3,"B0279",0.650323,1.1,0.807097
2009,3,"B0354",0.404194,0.63,0.489032
2009,3,"B0394",0.665484,1.13,0.820323
2009,3,"B0492",0.733226,1.2,0.901613
2009,3,"B0494",0.77,1.24,0.946774
2009,3,"B0662",0.561613,0.89,0.666129
2009,3,"B0663",0.554516,0.88,0.657419
2009,3,"B0664",0.575161,0.91,0.68129
2009,3,"B0665",0.552258,0.88,0.652581
2009,3,"B0666",0.534839,0.85,0.631613
2009,3,"B0685",0.488065,0.78,0.570968
2009,3,"B0688",0.464194,0.75,0.542258
2009,3,"B0871",0.570645,1,0.649032
2009,4,"B0064",0.645333,1.49,0.82
2009,4,"B0065",0.687333,1.57,0.871
2009,4,"B0263",0.767692,1.58,0.962308
2009,4,"B0264",0.788333,1.61,1.00933
2009,4,"B0278",0.711,1.42,0.907333
2009,4,"B0279",0.714667,1.42,0.912333
2009,4,"B0354",0.452667,0.85,0.565667
2009,4,"B0394",0.728,1.44,0.927667
2009,4,"B0492",0.801333,1.62,1.00433
2009,4,"B0494",0.843,1.71,1.05467
2009,4,"B0662",0.627667,1.19,0.757333
2009,4,"B0663",0.620333,1.17,0.747333
2009,4,"B0664",0.642,1.22,0.772667
2009,4,"B0665",0.618333,1.17,0.745
2009,4,"B0666",0.599,1.13,0.720333
2009,4,"B0685",0.551667,1.03,0.662667
2009,4,"B0688",0.521667,0.98,0.625333
2009,4,"B0871",0.627333,1.17,0.736
2009,5,"B0064",0.686774,1.41,0.840968
2009,5,"B0065",0.730645,1.5,0.895161
2009,5,"B0263",0.644211,1.21,0.789474
2009,5,"B0264",0.813548,1.69,0.998387
2009,5,"B0278",0.742581,1.52,0.909677
2009,5,"B0279",0.747419,1.53,0.917097
2009,5,"B0354",0.459032,0.89,0.56
2009,5,"B0394",0.739355,1.5,0.910323
2009,5,"B0492",0.823226,1.69,1.0071
2009,5,"B0494",0.876129,1.8,1.06806
2009,5,"B0662",0.575484,1.02,0.667097
2009,5,"B0663",0.567742,1.01,0.660645
2009,5,"B0664",0.587097,1.05,0.68129
2009,5,"B0665",0.567097,1,0.656129
2009,5,"B0666",0.547742,0.97,0.635484
2009,5,"B0685",0.502258,0.88,0.57871
2009,5,"B0688",0.476774,0.83,0.547742
2009,5,"B0871",0.533548,0.86,0.597742
2009,6,"B0064",0.516333,1.02,0.653333
2009,6,"B0065",0.55,1.09,0.692667
2009,6,"B0263",0.584,1.2,0.743667
2009,6,"B0264",0.590333,1.22,0.750333
2009,6,"B0278",0.537,1.12,0.683333
2009,6,"B0279",0.539,1.13,0.687
2009,6,"B0354",0.346667,0.64,0.435333
2009,6,"B0394",0.550667,1.09,0.701333
2009,6,"B0492",0.618667,1.26,0.770333
2009,6,"B0494",0.647667,1.39,0.807333
2009,6,"B0662",0.512333,0.76,0.589667
2009,6,"B0663",0.503333,0.75,0.583667
2009,6,"B0664",0.524667,0.77,0.605333
2009,6,"B0665",0.510667,0.74,0.588333
2009,6,"B0666",0.493,0.71,0.568
2009,6,"B0685",0.476333,0.69,0.539667
2009,6,"B0688",0.448333,0.65,0.510333
2009,6,"B0871",0.579667,0.93,0.646
2009,7,"B0064",0.539032,0.99,0.672258
2009,7,"B0065",0.575484,1.05,0.715806
2009,7,"B0263",0.61871,1.1,0.769355
2009,7,"B0264",0.626452,1.11,0.78
2009,7,"B0278",0.569677,1.04,0.710323
2009,7,"B0279",0.572258,1.04,0.713226
2009,7,"B0354",0.370323,0.61,0.453226
2009,7,"B0394",0.582258,1.03,0.719355
2009,7,"B0492",0.637419,1.07,0.780645
2009,7,"B0494",0.659677,1.12,0.809032
2009,7,"B0662",0.493226,0.73,0.561935
2009,7,"B0663",0.488065,0.72,0.553871
2009,7,"B0664",0.504194,0.75,0.573226
2009,7,"B0665",0.490645,0.76,0.557097
2009,7,"B0666",0.476774,0.74,0.539355
2009,7,"B0685",0.455806,0.81,0.514194
2009,7,"B0688",0.431613,0.72,0.484194
2009,7,"B0871",0.550645,1.2,0.613226
2009,8,"B0064",0.492581,0.97,0.617419
2009,8,"B0065",0.524194,1.03,0.656129
2009,8,"B0263",0.562258,1.1,0.71
2009,8,"B0264",0.566774,1.11,0.717419
2009,8,"B0278",0.517742,1.02,0.657097
2009,8,"B0279",0.519355,1.03,0.659677
2009,8,"B0354",0.341935,0.63,0.426774
2009,8,"B0394",0.528065,1.03,0.669355
2009,8,"B0492",0.569355,1.08,0.717419
2009,8,"B0494",0.591613,1.12,0.743871
2009,8,"B0662",0.463226,0.75,0.543871
2009,8,"B0663",0.457419,0.74,0.538065
2009,8,"B0664",0.472258,0.76,0.553871
2009,8,"B0665",0.459355,0.74,0.53871
2009,8,"B0666",0.44871,0.72,0.524194
2009,8,"B0685",0.432581,0.76,0.502903
2009,8,"B0688",0.41,0.7,0.474839
2009,8,"B0871",0.503548,0.86,0.575161
2009,9,"B0064",0.547,0.92,0.666
2009,9,"B0065",0.582333,0.98,0.709667
2009,9,"B0263",0.638333,1.11,0.774
2009,9,"B0264",0.647,1.13,0.783333
2009,9,"B0278",0.584,1.01,0.706667
2009,9,"B0279",0.584333,1.02,0.71
2009,9,"B0354",0.377667,0.61,0.454333
2009,9,"B0394",0.596,0.98,0.718667
2009,9,"B0492",0.656667,1.16,0.789667
2009,9,"B0494",0.689667,1.26,0.832667
2009,9,"B0662",0.484333,0.72,0.552333
2009,9,"B0663",0.477,0.71,0.545333
2009,9,"B0664",0.495667,0.74,0.563667
2009,9,"B0665",0.476333,0.71,0.543
2009,9,"B0666",0.464,0.68,0.527
2009,9,"B0685",0.435667,0.65,0.491667
2009,9,"B0688",0.417333,0.64,0.472
2009,9,"B0871",0.490667,0.77,0.545
2009,10,"B0064",0.66871,1.34,0.838387
2009,10,"B0065",0.713871,1.43,0.897419
2009,10,"B0263",0.802903,1.57,1.00355
2009,10,"B0264",0.814194,1.59,1.01742
2009,10,"B0278",0.726774,1.42,0.912258
2009,10,"B0279",0.730968,1.44,0.917419
2009,10,"B0354",0.453871,0.9,0.570968
2009,10,"B0394",0.736774,1.41,0.921935
2009,10,"B0492",0.83,1.62,1.02419
2009,10,"B0494",0.883548,1.81,1.08968
2009,10,"B0662",0.592258,1.49,0.707419
2009,10,"B0663",0.586452,1.48,0.699677
2009,10,"B0664",0.607742,1.54,0.724516
2009,10,"B0665",0.584839,1.48,0.69871
2009,10,"B0666",0.568387,1.44,0.676452
2009,10,"B0685",0.532258,1.35,0.633548
2009,10,"B0688",0.50871,1.3,0.605161
2009,10,"B0871",0.593548,1.45,0.687419
2009,11,"B0064",0.599333,1.53,0.752333
2009,11,"B0065",0.643,1.64,0.805333
2009,11,"B0263",0.721333,1.84,0.902
2009,11,"B0264",0.733333,1.86,0.918
2009,11,"B0278",0.654,1.69,0.821
2009,11,"B0279",0.655333,1.7,0.823333
2009,11,"B0354",0.437,1.12,0.534
2009,11,"B0394",0.679333,1.69,0.844
2009,11,"B0492",0.758333,1.9,0.948667
2009,11,"B0494",0.805333,2.07,1.00533
2009,11,"B0662",0.561,1.32,0.662
2009,11,"B0663",0.552333,1.3,0.651667
2009,11,"B0664",0.576,1.36,0.679
2009,11,"B0665",0.551,1.3,0.649
2009,11,"B0666",0.534,1.25,0.63
2009,11,"B0685",0.499,1.14,0.581667
2009,11,"B0688",0.478667,1.08,0.558
2009,11,"B0871",0.558667,1.17,0.655333
2009,12,"B0064",0.625484,1.22,0.769677
2009,12,"B0065",0.672581,1.32,0.832903
2009,12,"B0263",0.721613,1.41,0.891935
2009,12,"B0264",0.731935,1.44,0.904516
2009,12,"B0278",0.661935,1.31,0.819677
2009,12,"B0279",0.658387,1.3,0.817097
2009,12,"B0354",0.465806,1,0.581935
2009,12,"B0394",0.689677,1.42,0.862581
2009,12,"B0492",0.76871,1.6,0.960323
2009,12,"B0494",0.822258,1.64,1.02613
2009,12,"B0662",0.631613,1.43,0.765806
2009,12,"B0663",0.622903,1.38,0.754839
2009,12,"B0664",0.645806,1.45,0.782903
2009,12,"B0665",0.620645,1.37,0.750968
2009,12,"B0666",0.603548,1.37,0.732258
2009,12,"B0685",0.565484,1.27,0.683871
2009,12,"B0688",0.545161,1.18,0.660645
2009,12,"B0871",0.654839,1.5,0.806774
2010,1,"B0064",0.855484,2.48,1.04484
2010,1,"B0065",0.929355,2.9,1.14161
2010,1,"B0263",0.97,2.11,1.15452
2010,1,"B0264",0.983226,2.14,1.17226
2010,1,"B0278",0.890968,2,1.06839
2010,1,"B0279",0.886452,2,1.06323
2010,1,"B0354",0.633226,1.62,0.783548
2010,1,"B0394",0.917097,2.06,1.10516
2010,1,"B0492",1.04484,2.26,1.24194
2010,1,"B0494",1.1371,2.46,1.34355
2010,1,"B0662",0.880968,2.29,1.04194
2010,1,"B0663",0.870645,2.28,1.03097
2010,1,"B0664",0.903548,2.36,1.06871
2010,1,"B0665",0.867419,2.27,1.02645
2010,1,"B0666",0.842903,2.23,0.998387
2010,1,"B0685",0.795806,2.21,0.95129
2010,1,"B0688",0.771935,2.17,0.924516
2010,1,"B0871",0.900968,2.49,1.08032
2010,2,"B0064",0.822143,2.49,1.01857
2010,2,"B0065",0.882857,2.71,1.0975
2010,2,"B0263",0.960357,2.57,1.17857
2010,2,"B0264",0.973214,2.6,1.19143
2010,2,"B0278",0.880714,2.42,1.0875
2010,2,"B0279",0.882143,2.41,1.08679
2010,2,"B0354",0.5875,1.65,0.733929
2010,2,"B0394",0.897857,2.4,1.10857
2010,2,"B0492",1.02036,2.69,1.25571
2010,2,"B0494",1.10714,2.99,1.36393
2010,2,"B0662",0.824286,1.98,0.986071
2010,2,"B0663",0.815,1.95,0.976429
2010,2,"B0664",0.846429,2.03,1.0125
2010,2,"B0665",0.811786,1.94,0.970714
2010,2,"B0666",0.786786,1.88,0.941429
2010,2,"B0685",0.729286,1.7,0.872857
2010,2,"B0688",0.702143,1.62,0.840357
2010,2,"B0871",0.823214,1.94,0.996071
2010,3,"B0064",0.729355,1.38,0.897419
2010,3,"B0065",0.780323,1.49,0.958065
2010,3,"B0263",0.85,1.55,1.05194
2010,3,"B0264",0.862581,1.56,1.06484
2010,3,"B0278",0.784839,1.44,0.968387
2010,3,"B0279",0.786129,1.45,0.971613
2010,3,"B0354",0.519032,0.91,0.621935
2010,3,"B0394",0.798387,1.39,0.981935
2010,3,"B0492",0.903548,1.62,1.10419
2010,3,"B0494",0.966774,1.78,1.18129
2010,3,"B0662",0.688387,1.24,0.8
2010,3,"B0663",0.678387,1.23,0.79
2010,3,"B0664",0.705806,1.27,0.820323
2010,3,"B0665",0.678387,1.22,0.788387
2010,3,"B0666",0.657419,1.18,0.764839
2010,3,"B0685",0.612903,1.06,0.712258
2010,3,"B0688",0.586452,1.01,0.680968
2010,3,"B0871",0.699355,1.18,0.809677
2010,4,"B0064",0.758667,1.44,0.949
2010,4,"B0065",0.808,1.52,1.01
2010,4,"B0263",0.899667,1.76,1.14
2010,4,"B0264",0.911333,1.78,1.15533
2010,4,"B0278",0.821333,1.58,1.044
2010,4,"B0279",0.824,1.6,1.05033
2010,4,"B0354",0.522,0.97,0.657667
2010,4,"B0394",0.826667,1.59,1.05133
2010,4,"B0492",0.937333,1.78,1.18133
2010,4,"B0494",1.00733,1.96,1.27
2010,4,"B0662",0.738667,1.54,0.873667
2010,4,"B0663",0.729333,1.54,0.865667
2010,4,"B0664",0.758667,1.6,0.897333
2010,4,"B0665",0.729333,1.54,0.864
2010,4,"B0666",0.705,1.51,0.836667
2010,4,"B0685",0.661667,1.55,0.780333
2010,4,"B0688",0.63,1.51,0.745
2010,4,"B0871",0.764,1.66,0.882333
2010,5,"B0064",0.749677,1.47,0.957742
2010,5,"B0065",0.796774,1.56,1.01903
2010,5,"B0263",0.874839,1.67,1.12226
2010,5,"B0264",0.885806,1.69,1.1371
2010,5,"B0278",0.798065,1.55,1.02645
2010,5,"B0279",0.802903,1.56,1.03226
2010,5,"B0354",0.493226,0.96,0.630968
2010,5,"B0394",0.800323,1.52,1.03032
2010,5,"B0492",0.880645,1.67,1.11645
2010,5,"B0494",0.927742,1.78,1.17161
2010,5,"B0662",0.620323,1.04,0.741935
2010,5,"B0663",0.612258,1.03,0.733226
2010,5,"B0664",0.631935,1.06,0.755484
2010,5,"B0665",0.610323,1.02,0.729355
2010,5,"B0666",0.589677,0.98,0.704839
2010,5,"B0685",0.541935,0.89,0.643226
2010,5,"B0688",0.510645,0.84,0.605161
2010,5,"B0871",0.604839,1.14,0.691935
2010,6,"B0064",0.725667,1.34,0.859
2010,6,"B0065",0.776333,1.43,0.916333
2010,6,"B0263",0.848333,1.53,1.00033
2010,6,"B0264",0.860333,1.55,1.01533
2010,6,"B0278",0.778667,1.43,0.922667
2010,6,"B0279",0.785667,1.45,0.933
2010,6,"B0354",0.459667,0.82,0.545333
2010,6,"B0394",0.769667,1.4,0.918667
2010,6,"B0492",0.872,1.53,1.03633
2010,6,"B0494",0.934,1.66,1.11167
2010,6,"B0662",0.593667,0.92,0.691333
2010,6,"B0663",0.585,0.9,0.682333
2010,6,"B0664",0.606,0.93,0.706
2010,6,"B0665",0.583333,0.88,0.677667
2010,6,"B0666",0.563333,0.85,0.654
2010,6,"B0685",0.514333,0.77,0.592667
2010,6,"B0688",0.484333,0.73,0.559
2010,6,"B0871",0.573333,0.76,0.643
2010,7,"B0064",0.520645,0.94,0.650323
2010,7,"B0065",0.552581,1.01,0.689677
2010,7,"B0263",0.585484,1.08,0.739032
2010,7,"B0264",0.591613,1.1,0.746129
2010,7,"B0278",0.538387,0.99,0.682258
2010,7,"B0279",0.54129,0.99,0.685161
2010,7,"B0354",0.35871,0.59,0.443226
2010,7,"B0394",0.549032,1,0.693871
2010,7,"B0492",0.596774,1.09,0.742581
2010,7,"B0494",0.618387,1.13,0.768387
2010,7,"B0662",0.48129,0.77,0.54871
2010,7,"B0663",0.473226,0.75,0.539677
2010,7,"B0664",0.491613,0.79,0.559677
2010,7,"B0665",0.47871,0.78,0.545484
2010,7,"B0666",0.464194,0.75,0.528065
2010,7,"B0685",0.453226,0.78,0.511935
2010,7,"B0688",0.426452,0.71,0.482258
2010,7,"B0871",0.551935,1.15,0.628387
2010,8,"B0064",0.560323,1.04,0.688065
2010,8,"B0065",0.595484,1.11,0.731613
2010,8,"B0263",0.63871,1.2,0.780968
2010,8,"B0264",0.646774,1.22,0.790968
2010,8,"B0278",0.58871,1.11,0.72871
2010,8,"B0279",0.59129,1.12,0.732258
2010,8,"B0354",0.37871,0.68,0.47
2010,8,"B0394",0.598387,1.12,0.734194
2010,8,"B0492",0.649355,1.18,0.787419
2010,8,"B0494",0.671935,1.22,0.814194
2010,8,"B0662",0.485484,0.74,0.560645
2010,8,"B0663",0.477742,0.73,0.552903
2010,8,"B0664",0.493871,0.75,0.570323
2010,8,"B0665",0.48129,0.74,0.554516
2010,8,"B0666",0.465161,0.72,0.537742
2010,8,"B0685",0.443871,0.71,0.507097
2010,8,"B0688",0.417742,0.66,0.477419
2010,8,"B0871",0.526129,0.88,0.587419
2010,9,"B0064",0.551333,0.98,0.677333
2010,9,"B0065",0.589667,1.04,0.724333
2010,9,"B0263",0.645667,1.16,0.792667
2010,9,"B0264",0.654667,1.17,0.802667
2010,9,"B0278",0.585667,1.03,0.720667
2010,9,"B0279",0.587333,1.03,0.725333
2010,9,"B0354",0.365667,0.65,0.448333
2010,9,"B0394",0.594667,1.06,0.734333
2010,9,"B0492",0.658667,1.13,0.809333
2010,9,"B0494",0.69,1.17,0.849667
2010,9,"B0662",0.467667,0.75,0.537
2010,9,"B0663",0.461333,0.74,0.529667
2010,9,"B0664",0.479667,0.76,0.548667
2010,9,"B0665",0.464,0.73,0.529667
2010,9,"B0666",0.449667,0.7,0.512667
2010,9,"B0685",0.425667,0.63,0.481
2010,9,"B0688",0.404333,0.6,0.456
2010,9,"B0871",0.498,0.93,0.556
2010,10,"B0064",0.486667,0.97,0.598333
2010,10,"B0065",0.520333,1.03,0.638333
2010,10,"B0263",0.571667,1.15,0.711333
2010,10,"B0264",0.579,1.16,0.72
2010,10,"B0278",0.521667,1.03,0.649667
2010,10,"B0279",0.521667,1.02,0.650667
2010,10,"B0354",0.365,0.67,0.445333
2010,10,"B0394",0.543,1.06,0.674
2010,10,"B0492",0.605,1.15,0.751667
2010,10,"B0494",0.637667,1.21,0.794
2010,10,"B0662",0.504333,0.82,0.585
2010,10,"B0663",0.497333,0.81,0.577667
2010,10,"B0664",0.518667,0.84,0.601
2010,10,"B0665",0.500667,0.81,0.579667
2010,10,"B0666",0.486,0.78,0.561667
2010,10,"B0685",0.471,0.72,0.541
2010,10,"B0688",0.450333,0.69,0.519
2010,10,"B0871",0.557667,0.78,0.629667
2010,11,"B0064",0.534333,1.06,0.675667
2010,11,"B0065",0.567,1.13,0.715333
2010,11,"B0263",0.632333,1.19,0.788333
2010,11,"B0264",0.642,1.2,0.799667
2010,11,"B0278",0.576333,1.1,0.723333
2010,11,"B0279",0.578333,1.11,0.724667
2010,11,"B0354",0.386,0.65,0.480667
2010,11,"B0394",0.597333,1.11,0.746667
2010,11,"B0492",0.659,1.19,0.817
2010,11,"B0494",0.691,1.24,0.854333
2010,11,"B0662",0.521,0.99,0.619667
2010,11,"B0663",0.515,0.98,0.614333
2010,11,"B0664",0.534,1.01,0.634
2010,11,"B0665",0.513333,0.98,0.610333
2010,11,"B0666",0.499333,0.95,0.594667
2010,11,"B0685",0.468667,0.91,0.555333
2010,11,"B0688",0.448667,0.88,0.533667
2010,11,"B0871",0.536,1.26,0.653
2010,12,"B0064",0.59871,1.14,0.764194
2010,12,"B0065",0.634194,1.22,0.805806
2010,12,"B0263",0.727742,1.31,0.927419
2010,12,"B0264",0.735484,1.32,0.933226
2010,12,"B0278",0.658065,1.21,0.841613
2010,12,"B0279",0.661935,1.22,0.847097
2010,12,"B0354",0.431613,0.85,0.564839
2010,12,"B0394",0.670323,1.2,0.860645
2010,12,"B0492",0.749032,1.4,0.95
2010,12,"B0494",0.807742,1.55,1.02226
2010,12,"B0662",0.669032,1.32,0.83871
2010,12,"B0663",0.664194,1.31,0.832581
2010,12,"B0664",0.75,1.36,0.940909
2010,12,"B0665",0.661935,1.31,0.83
2010,12,"B0666",0.642258,1.28,0.806774
2010,12,"B0685",0.606774,1.27,0.76
2010,12,"B0688",0.583226,1.24,0.730323
2010,12,"B0871",0.670645,1.43,0.827097
2011,1,"B0064",0.55871,1.35,0.676129
2011,2,"B0064",0.569286,1.38,0.763214
2011,3,"B0064",0.433333,0.65,0.55
2011,11,"B0064",0.562333,1.07,0.691667
2011,11,"B0065",0.600333,1.14,0.738667
2011,11,"B0263",0.686,1.29,0.845667
2011,11,"B0264",0.694,1.3,0.856333
2011,11,"B0278",0.617333,1.17,0.761333
2011,11,"B0279",0.621,1.18,0.766333
2011,11,"B0354",0.404,0.86,0.504667
2011,11,"B0394",0.634,1.17,0.781
2011,11,"B0492",0.712667,1.32,0.877333
2011,11,"B0494",0.759667,1.45,0.941
2011,11,"B0662",0.553,1.06,0.659333
2011,11,"B0663",0.545333,1.05,0.652667
2011,11,"B0664",0.567667,1.09,0.678
2011,11,"B0665",0.545,1.05,0.651333
2011,11,"B0666",0.529333,1.03,0.633333
2011,11,"B0685",0.498333,1.08,0.600333
2011,11,"B0688",0.475667,1.06,0.576
2011,11,"B0871",0.568333,1.69,0.684333
2011,12,"B0064",0.509032,0.89,0.623871
2011,12,"B0065",0.547419,0.95,0.670645
2011,12,"B0263",0.596774,1.02,0.724839
2011,12,"B0264",0.605806,1.03,0.735484
2011,12,"B0278",0.549355,0.92,0.669032
2011,12,"B0279",0.549677,0.91,0.669032
2011,12,"B0354",0.386774,0.62,0.480645
2011,12,"B0394",0.576129,0.97,0.707419
2011,12,"B0492",0.64871,1.01,0.786452
2011,12,"B0494",0.685806,1.07,0.824839
2011,12,"B0662",0.500645,0.85,0.613548
2011,12,"B0663",0.494516,0.87,0.60871
2011,12,"B0664",0.514194,0.91,0.635161
2011,12,"B0665",0.494194,0.88,0.609355
2011,12,"B0666",0.479032,0.86,0.592258
2011,12,"B0685",0.455161,0.93,0.575484
2011,12,"B0688",0.437419,0.92,0.556452
2011,12,"B0871",0.512903,0.9,0.63129
2012,1,"B0064",0.646452,1.42,0.801935
2012,1,"B0065",0.696774,1.57,0.871613
2012,1,"B0263",0.756129,1.56,0.909032
2012,1,"B0264",0.767419,1.57,0.922581
2012,1,"B0278",0.693548,1.43,0.83871
2012,1,"B0279",0.691613,1.44,0.836129
2012,1,"B0354",0.465161,0.95,0.570645
2012,1,"B0394",0.712258,1.42,0.861935
2012,1,"B0492",0.800645,1.59,0.963226
2012,1,"B0494",0.856129,1.73,1.02581
2012,1,"B0662",0.588387,1.14,0.699677
2012,1,"B0663",0.580323,1.12,0.689032
2012,1,"B0664",0.602903,1.15,0.714839
2012,1,"B0665",0.577419,1.1,0.685806
2012,1,"B0666",0.560323,1.07,0.665161
2012,1,"B0685",0.51871,0.99,0.615484
2012,1,"B0688",0.500323,0.95,0.592903
2012,1,"B0871",0.589032,1.39,0.710323
2012,2,"B0064",0.738966,1.4,0.898621
2012,2,"B0065",0.794138,1.53,0.970345
2012,2,"B0263",0.863793,1.49,1.05241
2012,2,"B0264",0.875172,1.51,1.06793
2012,2,"B0278",0.788621,1.37,0.958276
2012,2,"B0279",0.785517,1.37,0.959655
2012,2,"B0354",0.526207,0.96,0.625517
2012,2,"B0394",0.817586,1.46,0.995172
2012,2,"B0492",0.92069,1.64,1.12414
2012,2,"B0494",0.97931,1.76,1.19379
2012,2,"B0662",0.702069,1.54,0.827931
2012,2,"B0663",0.692069,1.53,0.817931
2012,2,"B0664",0.719655,1.59,0.847586
2012,2,"B0665",0.69,1.53,0.812759
2012,2,"B0666",0.668621,1.5,0.788966
2012,2,"B0685",0.618966,1.47,0.730345
2012,2,"B0688",0.597931,1.43,0.703103
2012,2,"B0871",0.695517,1.55,0.81931
2012,3,"B0064",0.669,1.66,0.855667
2012,3,"B0065",0.713,1.75,0.909
2012,3,"B0263",0.793333,2,1.01233
2012,3,"B0264",0.802667,2.02,1.02367
2012,3,"B0278",0.73,1.8,0.930667
2012,3,"B0279",0.734333,1.81,0.936
2012,3,"B0354",0.463667,1.09,0.590333
2012,3,"B0394",0.728333,1.77,0.936
2012,3,"B0492",0.832,2,1.05333
2012,3,"B0494",0.897333,2.19,1.129
2012,3,"B0662",0.643,1.61,0.793333
2012,3,"B0663",0.634333,1.59,0.785
2012,3,"B0664",0.66,1.65,0.814333
2012,3,"B0665",0.634333,1.58,0.783
2012,3,"B0666",0.613667,1.53,0.758
2012,3,"B0685",0.574,1.39,0.704667
2012,3,"B0688",0.546333,1.32,0.671
2012,3,"B0871",0.652333,1.49,0.784667
2012,4,"B0064",0.713333,1.93,0.873667
2012,4,"B0065",0.763667,2.07,0.935333
2012,4,"B0263",0.843667,2,1.04233
2012,4,"B0264",0.855667,2.05,1.058
2012,4,"B0278",0.769333,1.91,0.953667
2012,4,"B0279",0.773333,1.88,0.958
2012,4,"B0354",0.485333,1.36,0.61
2012,4,"B0394",0.774333,1.96,0.965667
2012,4,"B0492",0.887667,2.28,1.09867
2012,4,"B0494",0.952667,2.45,1.181
2012,4,"B0662",0.674,1.78,0.810333
2012,4,"B0663",0.664667,1.76,0.799667
2012,4,"B0664",0.690333,1.81,0.83
2012,4,"B0665",0.664333,1.73,0.798333
2012,4,"B0666",0.642333,1.69,0.771333
2012,4,"B0685",0.599333,1.54,0.712333
2012,4,"B0688",0.571,1.48,0.679333
2012,4,"B0871",0.685,2.14,0.800333
2012,5,"B0064",0.730667,1.41,0.892667
2012,5,"B0065",0.778667,1.5,0.95
2012,5,"B0263",0.856667,1.65,1.05133
2012,5,"B0264",0.867667,1.68,1.06433
2012,5,"B0278",0.789,1.51,0.972
2012,5,"B0279",0.795333,1.52,0.977667
2012,5,"B0354",0.493,0.9,0.601
2012,5,"B0394",0.792667,1.52,0.978333
2012,5,"B0492",0.876667,1.65,1.07233
2012,5,"B0494",0.921333,1.73,1.12633
2012,5,"B0662",0.593667,0.94,0.696667
2012,5,"B0663",0.586667,0.93,0.687333
2012,5,"B0664",0.605333,0.96,0.709
2012,5,"B0665",0.584333,0.92,0.683667
2012,5,"B0666",0.565667,0.89,0.661333
2012,5,"B0685",0.519667,0.8,0.603
2012,5,"B0688",0.490333,0.76,0.567667
2012,5,"B0871",0.561333,0.79,0.631667
2012,6,"B0064",0.72,1.34,0.894667
2012,6,"B0065",0.764667,1.42,0.952
2012,6,"B0263",0.848333,1.57,1.05567
2012,6,"B0264",0.857333,1.59,1.067
2012,6,"B0278",0.781667,1.47,0.973
2012,6,"B0279",0.787333,1.48,0.981667
2012,6,"B0354",0.488667,1,0.609
2012,6,"B0394",0.781,1.45,0.972
2012,6,"B0492",0.872333,1.62,1.07967
2012,6,"B0494",0.927,1.76,1.14767
2012,6,"B0662",0.592,1.02,0.704667
2012,6,"B0663",0.585333,1.01,0.696
2012,6,"B0664",0.604667,1.04,0.718333
2012,6,"B0665",0.583333,1.01,0.693
2012,6,"B0666",0.564333,0.99,0.670333
2012,6,"B0685",0.519,0.96,0.612
2012,6,"B0688",0.493333,0.93,0.581333
2012,6,"B0871",0.548,1.25,0.63
2012,7,"B0064",0.572903,1.05,0.713548
2012,7,"B0065",0.608387,1.11,0.757742
2012,7,"B0263",0.659677,1.22,0.817742
2012,7,"B0264",0.666774,1.24,0.826129
2012,7,"B0278",0.609032,1.13,0.76129
2012,7,"B0279",0.613226,1.15,0.767097
2012,7,"B0354",0.386129,0.67,0.485806
2012,7,"B0394",0.609355,1.07,0.756452
2012,7,"B0492",0.666452,1.27,0.821935
2012,7,"B0494",0.696129,1.39,0.860645
2012,7,"B0662",0.491935,0.81,0.577742
2012,7,"B0663",0.486129,0.8,0.571613
2012,7,"B0664",0.500968,0.82,0.587742
2012,7,"B0665",0.485806,0.79,0.569355
2012,7,"B0666",0.47129,0.76,0.552581
2012,7,"B0685",0.44129,0.68,0.510323
2012,7,"B0688",0.421613,0.64,0.487419
2012,7,"B0871",0.493548,0.85,0.55871
2012,8,"B0064",0.532667,0.87,0.655333
2012,8,"B0065",0.566,0.92,0.696333
2012,8,"B0263",0.624333,1.01,0.763667
2012,8,"B0264",0.630333,1.02,0.772333
2012,8,"B0278",0.574667,0.94,0.708333
2012,8,"B0279",0.578,0.94,0.710667
2012,8,"B0354",0.383,0.62,0.466
2012,8,"B0394",0.587667,0.94,0.722
2012,8,"B0492",0.629,1.02,0.774333
2012,8,"B0494",0.65,1.05,0.800333
2012,8,"B0662",0.451667,0.66,0.522333
2012,8,"B0663",0.447333,0.65,0.516333
2012,8,"B0664",0.460667,0.67,0.530333
2012,8,"B0665",0.448,0.65,0.514333
2012,8,"B0666",0.433333,0.63,0.499667
2012,8,"B0685",0.409667,0.59,0.466
2012,8,"B0688",0.389,0.56,0.444
2012,8,"B0871",0.449667,0.65,0.499667
2012,9,"B0064",0.597667,1.07,0.722667
2012,9,"B0065",0.635,1.13,0.766
2012,9,"B0263",0.674667,1.18,0.815
2012,9,"B0264",0.683,1.19,0.822667
2012,9,"B0278",0.626,1.12,0.764333
2012,9,"B0279",0.627333,1.13,0.766333
2012,9,"B0354",0.418333,0.7,0.513333
2012,9,"B0394",0.636333,1.11,0.777667
2012,9,"B0492",0.690333,1.18,0.839
2012,9,"B0494",0.715667,1.23,0.871333
2012,9,"B0662",0.506333,0.78,0.595667
2012,9,"B0663",0.499667,0.77,0.588
2012,9,"B0664",0.516333,0.79,0.605667
2012,9,"B0665",0.501333,0.76,0.587
2012,9,"B0666",0.487,0.73,0.570333
2012,9,"B0685",0.464333,0.67,0.535667
2012,9,"B0688",0.442667,0.63,0.511333
2012,9,"B0871",0.533333,0.9,0.606333
2012,10,"B0064",0.539,1.03,0.695333
2012,10,"B0065",0.575667,1.09,0.74
2012,10,"B0263",0.625667,1.18,0.811
2012,10,"B0264",0.633333,1.19,0.820667
2012,10,"B0278",0.569667,1.08,0.738333
2012,10,"B0279",0.570333,1.08,0.739667
2012,10,"B0354",0.379,0.7,0.479667
2012,10,"B0394",0.593667,1.1,0.768
2012,10,"B0492",0.646,1.17,0.824
2012,10,"B0494",0.673667,1.21,0.857
2012,10,"B0662",0.496667,0.76,0.574667
2012,10,"B0663",0.489333,0.75,0.568333
2012,10,"B0664",0.508667,0.78,0.588667
2012,10,"B0665",0.490667,0.76,0.569333
2012,10,"B0666",0.475667,0.75,0.552333
2012,10,"B0685",0.452,0.78,0.523667
2012,10,"B0688",0.430667,0.77,0.498
2012,10,"B0871",0.522333,0.82,0.591
2012,11,"B0064",0.493667,1.22,0.6
2012,11,"B0065",0.524667,1.3,0.636333
2012,11,"B0263",0.597333,1.62,0.735333
2012,11,"B0264",0.603333,1.6,0.741333
2012,11,"B0278",0.54,1.49,0.667333
2012,11,"B0279",0.543,1.49,0.669667
2012,11,"B0354",0.361667,0.94,0.443667
2012,11,"B0394",0.555667,1.4,0.683
2012,11,"B0492",0.625,1.59,0.765667
2012,11,"B0494",0.673667,1.82,0.828
2012,11,"B0662",0.520667,1.39,0.610333
2012,11,"B0663",0.515,1.39,0.604
2012,11,"B0664",0.537,1.46,0.629
2012,11,"B0665",0.515,1.39,0.603667
2012,11,"B0666",0.500333,1.36,0.587
2012,11,"B0685",0.475,1.25,0.553667
2012,11,"B0688",0.456667,1.2,0.533333
2012,11,"B0871",0.536667,1.28,0.617667
2012,12,"B0064",0.619677,1.26,0.788387
2012,12,"B0065",0.660645,1.33,0.843226
2012,12,"B0263",0.756452,1.51,0.942258
2012,12,"B0264",0.766774,1.52,0.955484
2012,12,"B0278",0.683548,1.36,0.856129
2012,12,"B0279",0.684516,1.37,0.858387
2012,12,"B0354",0.445484,0.79,0.554194
2012,12,"B0394",0.702581,1.34,0.875484
2012,12,"B0492",0.790968,1.55,0.98129
2012,12,"B0494",0.848387,1.67,1.05
2012,12,"B0662",0.622258,1.08,0.739677
2012,12,"B0663",0.617097,1.07,0.731613
2012,12,"B0664",0.640323,1.11,0.75871
2012,12,"B0665",0.614194,1.07,0.729355
2012,12,"B0666",0.597097,1.03,0.707097
2012,12,"B0685",0.553871,0.95,0.655806
2012,12,"B0688",0.531935,0.91,0.63129
2012,12,"B0871",0.630645,1.12,0.747097
2013,1,"B0064",0.58129,1.21,0.716452
2013,1,"B0065",0.621935,1.29,0.76871
2013,1,"B0263",0.655484,1.47,0.801613
2013,1,"B0264",0.667742,1.5,0.817097
2013,1,"B0278",0.608065,1.32,0.741935
2013,1,"B0279",0.602903,1.32,0.736452
2013,1,"B0354",0.432903,0.8,0.530968
2013,1,"B0394",0.637742,1.33,0.777742
2013,1,"B0492",0.716774,1.48,0.870968
2013,1,"B0494",0.754516,1.59,0.912903
2013,1,"B0662",0.577742,1.18,0.687742
2013,1,"B0663",0.572258,1.17,0.682258
2013,1,"B0664",0.592258,1.21,0.703226
2013,1,"B0665",0.567097,1.15,0.674516
2013,1,"B0666",0.555161,1.11,0.663226
2013,1,"B0685",0.518387,0.98,0.622258
2013,1,"B0688",0.50129,0.97,0.6
2013,1,"B0871",0.617742,1.18,0.752903
2013,2,"B0064",0.666786,1.27,0.834286
2013,2,"B0065",0.718214,1.46,0.905714
2013,2,"B0263",0.758929,1.43,0.943214
2013,2,"B0264",0.773929,1.46,0.960714
2013,2,"B0278",0.696786,1.31,0.861786
2013,2,"B0279",0.691786,1.31,0.856786
2013,2,"B0354",0.488929,0.85,0.595
2013,2,"B0394",0.7325,1.33,0.907143
2013,2,"B0492",0.811786,1.48,0.994286
2013,2,"B0494",0.850714,1.58,1.0425
2013,2,"B0662",0.622143,0.99,0.719643
2013,2,"B0663",0.615,0.98,0.710357
2013,2,"B0664",0.635,1.01,0.733214
2013,2,"B0665",0.609286,0.97,0.704643
2013,2,"B0666",0.593214,0.94,0.684643
2013,2,"B0685",0.549286,0.86,0.634643
2013,2,"B0688",0.528214,0.83,0.611786
2013,2,"B0871",0.645714,1.24,0.746429
2013,3,"B0064",0.610333,1.33,0.744333
2013,3,"B0065",0.655,1.41,0.798
2013,3,"B0263",0.708,1.56,0.865667
2013,3,"B0264",0.718333,1.58,0.878333
2013,3,"B0278",0.647,1.42,0.793
2013,3,"B0279",0.648667,1.44,0.795667
2013,3,"B0354",0.424,0.84,0.508333
2013,3,"B0394",0.665,1.39,0.815667
2013,3,"B0492",0.75,1.58,0.914
2013,3,"B0494",0.796667,1.74,0.967667
2013,3,"B0662",0.565,1.09,0.661
2013,3,"B0663",0.557333,1.08,0.649667
2013,3,"B0664",0.579,1.12,0.674333
2013,3,"B0665",0.557667,1.07,0.649
2013,3,"B0666",0.539667,1.04,0.628333
2013,3,"B0685",0.506667,0.92,0.583667
2013,3,"B0688",0.484667,0.87,0.557333
2013,3,"B0871",0.590667,1.03,0.673333
2013,4,"B0064",0.655333,1.37,0.817
2013,4,"B0065",0.7,1.46,0.871
2013,4,"B0263",0.758,1.58,0.956667
2013,4,"B0264",0.767667,1.6,0.967667
2013,4,"B0278",0.691667,1.45,0.873667
2013,4,"B0279",0.693333,1.46,0.877333
2013,4,"B0354",0.434667,0.96,0.546333
2013,4,"B0394",0.703,1.46,0.887667
2013,4,"B0492",0.775667,1.64,0.972667
2013,4,"B0494",0.816667,1.74,1.024
2013,4,"B0662",0.587667,1.11,0.689
2013,4,"B0663",0.579667,1.09,0.681333
2013,4,"B0664",0.600333,1.13,0.703667
2013,4,"B0665",0.579,1.09,0.679333
2013,4,"B0666",0.56,1.05,0.657333
2013,4,"B0685",0.519,0.97,0.605333
2013,4,"B0688",0.491667,0.93,0.573667
2013,4,"B0871",0.594333,1.01,0.675667
2013,5,"B0064",0.699231,1.42,0.853462
2013,5,"B0065",0.744615,1.52,0.911538
2013,5,"B0263",0.810385,1.71,1.00154
2013,5,"B0264",0.821154,1.74,1.01269
2013,5,"B0278",0.751154,1.57,0.923846
2013,5,"B0279",0.758462,1.58,0.931538
2013,5,"B0354",0.48,0.96,0.594615
2013,5,"B0394",0.755769,1.56,0.926923
2013,5,"B0492",0.839615,1.73,1.02038
2013,5,"B0494",0.887692,1.83,1.075
2013,5,"B0662",0.620769,1.06,0.726538
2013,5,"B0663",0.612692,1.04,0.718846
2013,5,"B0664",0.633846,1.08,0.741538
2013,5,"B0665",0.613077,1.03,0.717308
2013,5,"B0666",0.594231,0.99,0.694231
2013,5,"B0685",0.556154,0.9,0.651538
2013,5,"B0688",0.526923,0.85,0.614615
2013,5,"B0871",0.638462,0.98,0.725
