"Year","Month","site","mean_temp_c","max_temp_c","min_temp_c"
2002,3,"AQUE",11.3752,12.11,10.8
2002,3,"CARP",12.021,12.84,11.26
2002,3,"MOHK",11.7272,12.55,10.92
2002,3,"NAPL",11.3474,11.86,10.66
2002,4,"AQUE",12.0591,14.51,10.04
2002,4,"CARP",13.2777,15.58,11.08
2002,4,"MOHK",12.6966,14.88,10.47
2002,4,"NAPL",12.2407,14.26,9.97
2002,5,"AQUE",12.324,15.03,9.87
2002,5,"CARP",13.4816,15.94,11.03
2002,5,"MOHK",13.0625,16.06,10.56
2002,5,"NAPL",12.436,15.12,10.14
2002,6,"AQUE",15.5977,19.2,11.92
2002,6,"CARP",16.3325,19.66,13.67
2002,6,"MOHK",16.3805,19.83,12.55
2002,6,"NAPL",15.5639,19.19,11.77
2002,7,"AQUE",16.1586,18.38,12.87
2002,7,"CARP",17.213,19.84,14.56
2002,7,"MOHK",16.896,18.98,13.15
2002,7,"NAPL",16.325,18.73,12.81
2002,8,"ABUR",14.7091,17.7,12.76
2002,8,"AQUE",15.1762,18.11,12.79
2002,8,"CARP",15.2351,19.04,12.98
2002,8,"GOLB",15.2261,17.51,13.31
2002,8,"IVEE",13.7958,16.05,11.76
2002,8,"MOHK",15.2432,18.13,12.44
2002,8,"NAPL",15.0662,17.84,12.37
2002,9,"ABUR",14.6117,17.08,12.42
2002,9,"AHND",15.2853,16.28,13.43
2002,9,"AQUE",14.7646,17.23,12.18
2002,9,"CARP",14.8779,17.1,12.91
2002,9,"GOLB",15.501,17.94,12.79
2002,9,"IVEE",14.2796,17.01,12.02
2002,9,"MOHK",15.1917,17.58,12.72
2002,9,"NAPL",14.7844,17.11,12.18
2002,10,"ABUR",15.4016,17.26,13.36
2002,10,"AHND",15.4408,17.34,13.43
2002,10,"AQUE",15.316,16.79,12.87
2002,10,"CARP",15.8514,17.54,14.22
2002,10,"GOLB",15.9171,17.68,14.33
2002,10,"IVEE",15.1229,17.13,12.62
2002,10,"MOHK",15.7922,17.31,13.57
2002,10,"NAPL",15.647,17.4,13.23
2002,11,"ABUR",15.2173,16.38,12.84
2002,11,"AHND",15.0702,16.28,12.49
2002,11,"AQUE",14.7196,20.58,11.48
2002,11,"CARP",15.4966,16.48,13.59
2002,11,"GOLB",15.3547,16.27,14.16
2002,11,"IVEE",14.9668,16.05,12.71
2002,11,"MOHK",15.4164,16.61,13.15
2002,11,"NAPL",15.1145,16.32,12.89
2002,12,"ABUR",14.9743,16.38,13.09
2002,12,"AHND",14.7847,16.2,13.09
2002,12,"AQUE",14.5844,15.96,12.86
2002,12,"CARP",14.899,16.29,13.28
2002,12,"GOLB",14.9316,16.45,12.88
2002,12,"IVEE",14.7977,16.57,12.79
2002,12,"MOHK",15.0473,16.52,13.32
2002,12,"NAPL",14.9359,16.32,12.89
2003,1,"ABUR",14.9803,15.6,13.87
2003,1,"AHND",14.8111,15.84,13.43
2003,1,"AQUE",14.3755,15.36,13.2
2003,1,"CARP",15.035,16.29,13.87
2003,1,"GOLB",15.0503,16.01,14.16
2003,1,"IVEE",14.9193,15.69,13.74
2003,1,"MOHK",15.1215,16.01,14.26
2003,1,"NAPL",14.9011,15.62,13.8
2003,2,"ABUR",14.9187,15.77,12.93
2003,2,"AHND",14.6842,16.11,12.66
2003,2,"AQUE",14.4755,15.62,12.53
2003,2,"CARP",15.0339,16.12,13.76
2003,2,"GOLB",14.9201,15.92,13.31
2003,2,"IVEE",14.8958,15.87,13.11
2003,2,"MOHK",15.0133,15.92,13.49
2003,2,"NAPL",14.8569,15.81,12.89
2003,3,"ABUR",13.033,15.73,10.29
2003,3,"AHND",12.8104,15.5,10.01
2003,3,"AQUE",12.6991,15.37,9.89
2003,3,"CARP",13.7436,16.05,10.67
2003,3,"GOLB",13.4149,16.27,10.24
2003,3,"IVEE",13.2394,15.69,10.04
2003,3,"MOHK",13.4356,15.99,10.58
2003,3,"NAPL",13.0488,15.99,10.32
2003,4,"ABUR",11.9414,14.51,10.12
2003,4,"AHND",10.9366,13.86,9.83
2003,4,"AQUE",11.3032,13.99,9.77
2003,4,"BULL",11.5275,13.57,9.87
2003,4,"CARP",12.9012,15.15,10.34
2003,4,"GOLB",12.2247,14.61,10.19
2003,4,"IVEE",11.7856,14.08,10.13
2003,4,"MOHK",12.5301,14.59,10.23
2003,4,"NAPL",11.7959,14.09,10.23
2003,5,"ABUR",12.4837,16.16,9.96
2003,5,"AQUE",12.3266,16.33,9.94
2003,5,"BULL",12.3373,16.7,9.87
2003,5,"CARP",13.5094,16.73,10.49
2003,5,"GOLB",13.2373,16.82,9.96
2003,5,"IVEE",12.1342,16.52,9.79
2003,5,"MOHK",13.1249,16.58,9.98
2003,5,"NAPL",12.7925,16.95,10.07
2003,6,"ABUR",14.7761,17.05,13.21
2003,6,"AQUE",14.4024,18.01,11.99
2003,6,"BULL",14.3651,17.82,11.57
2003,6,"CARP",15.505,18.18,13.28
2003,6,"GOLB",15.584,17.62,13.21
2003,6,"IVEE",14.2744,17.49,11.77
2003,6,"MOHK",15.5532,17.81,13.21
2003,6,"NAPL",15.1674,17.74,12.86
2003,7,"ABUR",15.8053,19.46,12.62
2003,7,"BULL",15.9032,20.22,11.57
2003,7,"CARP",17.1225,20.59,12.97
2003,7,"GOLB",17.0741,19.98,12.74
2003,7,"IVEE",15.4391,18.89,11.75
2003,7,"MOHK",16.9237,20.68,13.21
2003,7,"NAPL",16.521,20.01,12.39
2003,8,"ABUR",14.1351,17.67,11.72
2003,8,"AHND",15.2425,37.87,12.1
2003,8,"AQUE",15.1345,18.05,12.49
2003,8,"BULL",14.1665,18.29,11.56
2003,8,"CARP",14.8062,18.66,12.72
2003,8,"GOLB",16.0048,20.37,12.57
2003,8,"IVEE",13.8639,20.13,11.49
2003,8,"MOHK",14.9465,20.04,11.86
2003,8,"NAPL",15.6655,20.17,12.05
2003,9,"ABUR",15.553,18.61,11.72
2003,9,"AHND",16.4496,20.34,12.1
2003,9,"AQUE",16.1091,19.34,12.23
2003,9,"BULL",16.1066,18.61,12.42
2003,9,"CARP",16.321,19.38,12.69
2003,9,"GOLB",16.6828,19.1,12.89
2003,9,"IVEE",15.1635,18.16,12.19
2003,9,"MOHK",16.2003,18.99,12.2
2003,9,"NAPL",16.1236,18.31,12.72
2003,10,"ABUR",16.4307,18.94,13.11
2003,10,"AHND",16.8014,19.72,12.88
2003,10,"AQUE",16.4662,19.02,12.83
2003,10,"BULL",16.6685,19.16,13.11
2003,10,"CARP",17.1969,19.07,14.09
2003,10,"GOLB",16.9245,19.01,14.17
2003,10,"IVEE",16.1414,18.34,13.28
2003,10,"MOHK",16.9156,19.08,13.22
2003,10,"NAPL",16.6153,18.77,13.92
2003,11,"ABUR",16.0325,17.81,13.26
2003,11,"AHND",15.7317,17.93,12.72
2003,11,"AQUE",15.6099,17.57,12.92
2003,11,"BULL",15.3468,17.28,13.11
2003,11,"CARP",16.4036,18.17,14.44
2003,11,"GOLB",16.1464,17.93,14.43
2003,11,"IVEE",15.8662,17.69,13.9
2003,11,"MOHK",16.0845,17.83,13.64
2003,11,"NAPL",15.9182,17.78,13.24
2003,12,"ABUR",14.127,15.12,12.18
2003,12,"AHND",14.0969,15.2,12.41
2003,12,"AQUE",13.9496,15.03,12.32
2003,12,"BULL",13.8868,14.92,12.42
2003,12,"CARP",14.0382,14.93,12.35
2003,12,"GOLB",14.0026,15.39,12.2
2003,12,"IVEE",14.0181,15.15,12.05
2003,12,"MOHK",14.0273,15.11,12.43
2003,12,"NAPL",14.0928,15.06,12.38
2004,1,"ABUR",13.4471,14.61,12.49
2004,1,"AHND",13.5829,14.86,12.72
2004,1,"AQUE",13.3504,14.24,12.58
2004,1,"BULL",13.1803,13.87,12.17
2004,1,"CARP",13.4249,14.4,12.47
2004,1,"GOLB",13.4384,14.43,12.37
2004,1,"IVEE",13.4355,14.37,12.35
2004,1,"MOHK",13.3814,14.4,11.94
2004,1,"NAPL",13.4214,14.19,12.72
2004,2,"ABUR",12.9995,14.03,11.35
2004,2,"AHND",12.9924,14.34,11.17
2004,2,"AQUE",12.8006,13.93,11.46
2004,2,"BULL",12.6892,14.05,11.21
2004,2,"CARP",13.1851,14.09,11.74
2004,2,"GOLB",13.005,14.35,11.6
2004,2,"IVEE",12.8745,13.74,11.27
2004,2,"MOHK",13.0263,14.14,11.42
2004,2,"NAPL",12.8243,13.84,11.37
2004,3,"ABUR",13.8179,15.71,11.57
2004,3,"AHND",13.8196,16.26,11.02
2004,3,"AQUE",13.519,15.66,10.85
2004,3,"BULL",13.3629,15.09,10.78
2004,3,"CARP",14.31,16.01,12.81
2004,3,"GOLB",14.1131,15.73,11.94
2004,3,"IVEE",13.6312,15.15,11.42
2004,3,"MOHK",14.0254,16.06,11.86
2004,3,"NAPL",13.6742,15.49,11.45
2004,4,"ABUR",13.8937,16.86,10.79
2004,4,"AHND",13.7204,16.61,10.56
2004,4,"AQUE",13.3623,15.66,10.43
2004,4,"BULL",13.019,15.34,10.28
2004,4,"CARP",14.6808,16.89,11.32
2004,4,"GOLB",14.3803,16.61,11.25
2004,4,"IVEE",13.5081,16.1,10.81
2004,4,"MOHK",14.3181,16.77,10.83
2004,4,"NAPL",13.7251,16.01,10.83
2004,5,"ABUR",13.8071,18.26,11.41
2004,5,"AHND",13.8904,18.29,11.02
2004,5,"AQUE",13.3856,17.08,10.77
2004,5,"BULL",12.723,16.31,10.87
2004,5,"CARP",14.9999,17.64,12.61
2004,5,"GOLB",14.8177,17.84,11.86
2004,5,"IVEE",13.2557,16.88,11.58
2004,5,"MOHK",14.5633,18.1,11.86
2004,5,"NAPL",13.9234,16.98,11.17
2004,6,"ABUR",15.2175,19.26,11.66
2004,6,"AHND",15.7401,20.07,11.17
2004,6,"AQUE",15.0691,19.34,11.2
2004,6,"BULL",14.4574,17.98,10.44
2004,6,"CARP",16.4666,19.33,12.98
2004,6,"GOLB",16.2368,18.83,12.29
2004,6,"IVEE",14.8185,17.84,11.42
2004,6,"MOHK",15.932,19.08,12.08
2004,6,"NAPL",15.5324,27.02,11.03
2004,7,"ABUR",14.6174,19.42,12.03
2004,7,"AHND",16.2784,19.89,12.26
2004,7,"AQUE",15.6764,19.18,12.43
2004,7,"BULL",15.5102,18.89,12.17
2004,7,"CARP",15.3672,19.83,12.72
2004,7,"GOLB",16.1639,19.19,13.06
2004,7,"IVEE",14.6931,18.48,11.74
2004,7,"MOHK",15.3616,19.44,11.77
2004,7,"NAPL",15.8403,18.95,12.22
2004,8,"ABUR",15.9915,19.71,12.51
2004,8,"AHND",16.6318,19.56,12.59
2004,8,"AQUE",16.4267,19.26,12.25
2004,8,"BULL",16.2678,19.44,11.84
2004,8,"CARP",16.7037,19.69,13.16
2004,8,"GOLB",17.2171,20.26,13.82
2004,8,"IVEE",15.805,19.15,12.21
2004,8,"MOHK",16.7567,20.44,12.66
2004,8,"NAPL",16.5197,19.64,11.98
2004,8,"SCTW",19.6288,21.04,17.03
2004,9,"ABUR",17.7612,21.91,11.43
2004,9,"AHND",17.7269,22.17,11.82
2004,9,"AQUE",17.6982,22.04,12.17
2004,9,"BULL",17.2269,21.61,11.32
2004,9,"CARP",19.0187,22.14,14.89
2004,9,"GOLB",18.5561,21.82,12.79
2004,9,"IVEE",17.5671,21.31,12.37
2004,9,"MOHK",18.463,21.81,12.35
2004,9,"NAPL",18.0264,21.62,12.65
2004,9,"SCDI",19.2766,21.84,15.91
2004,9,"SCTW",20.0353,22.04,16.76
2004,10,"ABUR",17.3345,18.46,13.9
2004,10,"AHND",17.4141,18.74,15.23
2004,10,"AQUE",17.3876,18.63,15.19
2004,10,"BULL",17.0689,18.29,13.55
2004,10,"CARP",17.8213,19.04,16.32
2004,10,"GOLB",17.8301,19.2,15.9
2004,10,"IVEE",17.4064,18.88,14.84
2004,10,"MOHK",17.7272,18.74,14.99
2004,10,"NAPL",17.4127,18.48,15.4
2004,10,"SCDI",16.9533,18.57,13.38
2004,10,"SCTW",17.3988,18.8,13.98
2004,11,"ABUR",16.331,18.11,14.21
2004,11,"AHND",16.1602,18.09,13.83
2004,11,"AQUE",16.1553,18.13,13.57
2004,11,"BULL",15.8114,18.02,13.72
2004,11,"CARP",16.8005,18.26,14.73
2004,11,"GOLB",16.5514,18.38,14.42
2004,11,"IVEE",16.3943,17.89,14.71
2004,11,"MOHK",16.5876,18.2,14.83
2004,11,"NAPL",16.26,17.94,14.54
2004,11,"SCDI",15.819,17.07,13.91
2004,11,"SCTW",16.0329,17.29,13.72
2004,12,"ABUR",14.8759,15.47,14.06
2004,12,"AHND",14.9776,15.71,14.29
2004,12,"AQUE",14.9134,15.59,14.14
2004,12,"BULL",14.6759,15.57,13.98
2004,12,"CARP",14.9579,15.62,14.11
2004,12,"GOLB",14.916,15.99,14.16
2004,12,"IVEE",14.9084,15.62,14.09
2004,12,"MOHK",14.9836,15.65,13.99
2004,12,"NAPL",14.8782,15.67,14.19
2004,12,"SCDI",14.5957,15.49,13.13
2004,12,"SCTW",14.7256,15.71,13.04
2005,1,"ABUR",14.522,15.21,13.59
2005,1,"AHND",14.7678,15.71,13.83
2005,1,"AQUE",14.7511,15.59,13.88
2005,1,"BULL",14.5066,15.4,13.81
2005,1,"CARP",14.6752,15.36,13.96
2005,1,"GOLB",14.6851,15.38,14.08
2005,1,"IVEE",14.643,15.32,14.01
2005,1,"MOHK",14.6634,15.56,13.9
2005,1,"NAPL",14.5945,15.41,14.02
2005,1,"SCDI",14.2277,15.23,12.98
2005,1,"SCTW",14.4312,15.37,12.78
2005,2,"ABUR",14.6183,15.99,13.59
2005,2,"AHND",14.7218,16.03,13.67
2005,2,"AQUE",14.666,16.38,13.71
2005,2,"BULL",14.5121,16.01,13.46
2005,2,"CARP",14.8862,16.32,14.27
2005,2,"GOLB",14.8377,16.17,14.16
2005,2,"IVEE",14.7491,15.62,13.92
2005,2,"MOHK",14.8837,16.42,13.99
2005,2,"NAPL",14.648,15.84,13.59
2005,2,"SCDI",14.1846,14.88,12.98
2005,2,"SCTW",14.3226,15.11,12.87
2005,3,"ABUR",14.0756,16.52,10.36
2005,3,"AHND",14.1036,16.18,10.42
2005,3,"AQUE",14.0231,15.97,10.37
2005,3,"BULL",13.9346,16.09,10.14
2005,3,"CARP",14.7826,17.19,10.71
2005,3,"GOLB",14.3812,16.79,10.65
2005,3,"IVEE",13.9492,15.88,10.41
2005,3,"MOHK",14.5143,17.06,10.81
2005,3,"NAPL",14.0991,19.04,10.42
2005,3,"SCDI",14.5339,15.4,12.87
2005,3,"SCTW",14.7993,15.79,13.04
2005,4,"ABUR",12.0724,15.47,9.43
2005,4,"AHND",12.0331,15.08,9.81
2005,4,"AQUE",11.9808,14.66,9.76
2005,4,"BULL",11.6548,14.63,9.53
2005,4,"CARP",13.0904,15.9,10.07
2005,4,"GOLB",12.5998,16.11,9.61
2005,4,"IVEE",11.9638,17.54,9.63
2005,4,"MOHK",11.664,20.92,9.8
2005,4,"NAPL",12.2665,15.48,9.9
2005,4,"SCDI",12.4969,14.53,10.64
2005,4,"SCTW",12.9364,15.28,11.32
2005,5,"ABUR",12.8975,16.1,10.59
2005,5,"AHND",12.7345,17.46,10.27
2005,5,"AQUE",12.674,16.07,10.19
2005,5,"BULL",12.2855,16.71,10.06
2005,5,"CARP",14.0882,16.77,11.57
2005,5,"GOLB",14.0603,17.09,10.84
2005,5,"IVEE",12.6275,15.87,10.41
2005,5,"MOHK",13.5966,16.54,10.66
2005,5,"NAPL",13.4069,16.08,10.83
2005,5,"SCDI",13.1985,14.26,11.84
2005,5,"SCTW",13.6364,16.14,12.1
2005,6,"ABUR",13.4216,17.24,10.83
2005,6,"AHND",13.4804,18.74,10.58
2005,6,"AQUE",13.4235,17.33,10.53
2005,6,"BULL",12.6865,15.74,9.8
2005,6,"CARP",14.5263,16.33,11.94
2005,6,"GOLB",14.2904,17.62,11.35
2005,6,"IVEE",13.1082,16.31,10.83
2005,6,"MOHK",14.0075,17.16,11.17
2005,6,"NAPL",13.9111,16.96,11.08
2005,6,"SCDI",13.9381,15.83,11.59
2005,6,"SCTW",14.3752,16.67,12.36
2005,7,"ABUR",14.5127,19.68,10.92
2005,7,"AHND",15.9743,19.27,11.35
2005,7,"AQUE",15.4839,19.12,11.82
2005,7,"BULL",15.2261,20.88,10.9
2005,7,"CARP",15.31,19.87,11.57
2005,7,"GOLB",15.6553,18.97,11.87
2005,7,"IVEE",14.122,18.07,11.18
2005,7,"MOHK",15.1634,19.39,11.17
2005,7,"NAPL",15.2536,19.17,11.87
2005,7,"SCDI",15.944,19.25,12.96
2005,7,"SCTW",17.0103,19.65,13.55
2005,8,"ABUR",16.0587,19.68,13.53
2005,8,"AHND",16.975,19.72,13.03
2005,8,"AQUE",17.081,19.38,13.49
2005,8,"BULL",16.8157,19.19,13.39
2005,8,"CARP",16.4378,19.34,14.33
2005,8,"GOLB",17.0785,19.69,14.27
2005,8,"IVEE",15.7319,19.41,12.91
2005,8,"MOHK",16.8377,19.76,13.67
2005,8,"NAPL",16.799,19.52,13.92
2005,8,"SCDI",18.4508,20.13,15.27
2005,8,"SCTW",19.0649,20.73,16.62
2005,9,"ABUR",15.3371,18.07,12.93
2005,9,"AHND",15.6535,18.92,12.78
2005,9,"AQUE",15.766,18.94,13.15
2005,9,"BULL",14.9917,18.31,12.88
2005,9,"CARP",16.0947,18.45,13.47
2005,9,"GOLB",16.4009,19.07,13.76
2005,9,"IVEE",15.0194,17.55,12.57
2005,9,"MOHK",15.889,18.51,12.93
2005,9,"NAPL",15.7243,18.46,13.06
2005,9,"SCDI",16.5329,18.61,13.71
2005,9,"SCTW",16.7711,19.21,14.29
2005,10,"ABUR",14.9674,16.98,12.77
2005,10,"AHND",14.8172,17.13,11.57
2005,10,"AQUE",14.9184,16.91,11.69
2005,10,"BULL",14.5868,16.64,11.24
2005,10,"CARP",15.5986,17.21,13.64
2005,10,"GOLB",15.6341,17.27,13.06
2005,10,"IVEE",14.752,16.48,12.66
2005,10,"MOHK",15.3832,17.27,13.36
2005,10,"NAPL",15.039,16.96,12.21
2005,10,"SCDI",15.0389,16.22,13.54
2005,10,"SCTW",15.2967,16.54,13.69
2005,11,"ABUR",15.8955,16.98,13.28
2005,11,"AHND",15.5935,17.22,11.83
2005,11,"AQUE",15.6416,17.17,11.95
2005,11,"BULL",15.3363,16.99,12.12
2005,11,"CARP",16.2385,17.22,14.76
2005,11,"GOLB",16.1818,17.36,14.1
2005,11,"IVEE",15.7036,16.93,13.42
2005,11,"MOHK",16.1113,17.09,14.38
2005,11,"NAPL",15.7824,17.22,13.14
2005,11,"SCDI",15.1976,16.67,12.68
2005,11,"SCTW",15.4338,16.89,13.18
2005,12,"ABUR",14.842,15.52,13.02
2005,12,"AHND",14.5808,15.74,12.69
2005,12,"AQUE",14.6712,15.68,12.98
2005,12,"BULL",14.3838,15.43,12.46
2005,12,"CARP",14.7911,15.56,14.07
2005,12,"GOLB",15.0136,15.76,14.18
2005,12,"IVEE",14.7789,15.43,13.46
2005,12,"MOHK",14.9303,15.61,13.95
2005,12,"NAPL",14.7784,15.57,12.64
2005,12,"SCDI",14.3712,15.52,12.26
2005,12,"SCTW",14.5012,15.83,12.92
2006,1,"ABUR",13.4897,14.97,11.99
2006,1,"AHND",13.1576,14.61,11.4
2006,1,"AQUE",13.2645,14.48,11.69
2006,1,"BULL",12.9932,14.23,11.07
2006,1,"CARP",13.5732,14.95,12.18
2006,1,"GOLB",13.5933,14.97,12.04
2006,1,"IVEE",13.4912,14.74,11.48
2006,1,"MOHK",13.5958,15.01,12.16
2006,1,"NAPL",13.31,14.79,11.61
2006,1,"SCDI",13.0577,13.46,12.26
2006,1,"SCTW",13.117,13.66,11.94
2006,2,"ABUR",13.4814,15.23,12.17
2006,2,"AHND",12.8519,15.26,9.91
2006,2,"AQUE",13.2274,15.26,11.78
2006,2,"BULL",13.0774,14.52,11.58
2006,2,"CARP",13.8634,14.86,12.52
2006,2,"GOLB",13.6753,14.97,12.04
2006,2,"IVEE",13.3397,14.57,11.83
2006,2,"MOHK",13.7477,15.35,12.16
2006,2,"NAPL",13.1948,14.71,11.26
2006,2,"SCDI",13.106,14.57,11.39
2006,2,"SCTW",13.2721,14.71,11.47
2006,3,"ABUR",11.6206,14.36,9.64
2006,3,"AHND",11.6379,14.08,9.79
2006,3,"AQUE",11.528,14.39,9.78
2006,3,"BULL",11.2493,13.97,9.63
2006,3,"CARP",12.1593,14.34,10.12
2006,3,"GOLB",11.8823,14.44,9.91
2006,3,"IVEE",11.5212,14.14,9.87
2006,3,"MOHK",11.9232,14.57,9.8
2006,3,"NAPL",11.499,14.1,9.73
2006,3,"SCDI",12.0451,13.96,10.96
2006,3,"SCTW",12.143,13.92,10.87
2006,4,"ABUR",12.3913,14.63,10.59
2006,4,"AHND",12.2617,15.22,10.47
2006,4,"AQUE",12.1656,14.3,10.38
2006,4,"BULL",14.5159,26.79,10.44
2006,4,"CARP",13.0339,15.81,11.14
2006,4,"GOLB",12.8495,15.5,10.92
2006,4,"IVEE",12.245,14.23,10.29
2006,4,"MOHK",12.7881,15.31,10.99
2006,4,"NAPL",12.2115,14.27,10.16
2006,4,"SCDI",12.9744,14.57,11.05
2006,4,"SCTW",13.2289,16.64,10.92
2006,5,"ABUR",13.5072,17.18,11.62
2006,5,"AHND",13.9277,18.02,11.01
2006,5,"AQUE",13.5888,16.74,10.64
2006,5,"BULL",13.3261,16.77,10.02
2006,5,"CARP",15.1031,27.03,12.09
2006,5,"GOLB",14.2039,19.63,11.29
2006,5,"MOHK",14.2565,18.3,11.51
2006,5,"NAPL",13.5421,17.22,10.92
2006,5,"SCDI",13.7556,15.96,11.91
2006,5,"SCTW",14.3996,17.43,12.27
2006,6,"ABUR",14.3195,16.92,12.39
2006,6,"AHND",14.5509,17.77,11.29
2006,6,"AQUE",14.7831,18.15,11.23
2006,6,"BULL",14.1728,17.39,10.78
2006,6,"CARP",15.6278,18.13,12.38
2006,6,"GOLB",15.6068,18.34,12.41
2006,6,"MOHK",15.2611,18.39,12.41
2006,6,"NAPL",14.4512,18.01,10.92
2006,6,"SCDI",14.813,17.37,12.18
2006,6,"SCTW",15.6896,18.27,13.12
2006,7,"ABUR",14.9529,21.84,12.05
2006,7,"AHND",15.9757,21.57,10.75
2006,7,"AQUE",16.2044,21.48,11.23
2006,7,"BULL",15.9637,20.91,10.78
2006,7,"CARP",15.9915,22.07,12.64
2006,7,"GOLB",16.3776,21.69,12.41
2006,7,"MOHK",15.9271,21.97,12.32
2006,7,"NAPL",15.7023,21.05,11.83
2006,7,"SCDI",16.7892,21.88,13.64
2006,7,"SCTW",17.9585,22.36,14.23
2006,8,"ABUR",16.3561,20.05,13.56
2006,8,"AHND",16.8013,21.21,12.81
2006,8,"AQUE",17.4011,21.41,13.76
2006,8,"BULL",16.418,20.91,13.13
2006,8,"CARP",16.9836,20.7,14.84
2006,8,"GOLB",17.3239,20.32,14.84
2006,8,"MOHK",17.0252,21.03,14.15
2006,8,"NAPL",16.6536,21.23,13.37
2006,8,"SCDI",18.8749,21.79,15.49
2006,8,"SCTW",19.3326,22.63,16.54
2006,9,"ABUR",16.1377,19.52,12.71
2006,9,"AHND",16.1797,18.96,12.64
2006,9,"AQUE",16.6252,19.37,13.15
2006,9,"BULL",16.0194,19.13,12.88
2006,9,"CARP",16.6606,19.54,13.88
2006,9,"GOLB",16.8292,19.53,13.62
2006,9,"MOHK",16.5308,19.67,13.04
2006,9,"NAPL",16.3535,19.18,12.77
2006,9,"SCDI",16.9446,19.37,14.54
2006,9,"SCTW",17.3311,19.71,15.22
2006,10,"ABUR",16.5974,18.53,14.15
2006,10,"AHND",16.2757,18.61,13.49
2006,10,"AQUE",16.7603,18.93,14.27
2006,10,"BULL",16.1812,17.88,13.83
2006,10,"CARP",17.0869,18.31,15.01
2006,10,"GOLB",16.9838,18.36,15.09
2006,10,"MOHK",16.9541,18.6,14.67
2006,10,"NAPL",16.7026,18.29,14.05
2006,10,"SCDI",16.6794,18.03,13.94
2006,10,"SCTW",16.8925,18.19,14.53
2006,11,"ABUR",16.5674,17.96,13.47
2006,11,"AHND",15.9312,17.8,12.3
2006,11,"AQUE",16.3353,18.22,12.98
2006,11,"BULL",15.6633,17.44,12.8
2006,11,"CARP",16.9289,18.27,14.57
2006,11,"GOLB",16.7795,18.09,14.31
2006,11,"MOHK",16.9026,18.33,14.32
2006,11,"NAPL",16.5933,18.02,13.11
2006,11,"SCDI",16.2452,18.21,14.03
2006,11,"SCTW",16.5071,18.46,13.84
2006,12,"ABUR",14.9256,15.91,12.44
2006,12,"AHND",14.5632,15.87,11.26
2006,12,"AQUE",14.8773,16.21,11.7
2006,12,"BULL",14.6078,15.69,11.86
2006,12,"CARP",14.9117,15.8,13.12
2006,12,"GOLB",14.9239,15.98,12.94
2006,12,"MOHK",15.0985,16.38,12.44
2006,12,"NAPL",14.9874,16.27,12.26
2006,12,"SCDI",14.7,15.84,13.34
2006,12,"SCTW",14.7799,16.15,13.32
2007,1,"ABUR",13.4282,14.7,12.05
2007,1,"AHND",13.2332,14.92,12.04
2007,1,"AQUE",13.4361,14.49,12.36
2007,1,"BULL",13.2342,14.22,12.03
2007,1,"CARP",13.6057,19.88,12.43
2007,1,"GOLB",13.4727,14.51,12.08
2007,1,"MOHK",13.4252,14.82,12.53
2007,1,"NAPL",13.595,14.62,12.68
2007,1,"SCDI",13.4116,14.12,12.5
2007,1,"SCTW",13.4442,14.36,12.47
2007,2,"ABUR",13.6742,15.05,10.76
2007,2,"AHND",13.5312,15.09,10.73
2007,2,"AQUE",13.648,14.57,10.97
2007,2,"BULL",13.5691,14.42,11.38
2007,2,"CARP",14.3281,15.7,11.96
2007,2,"GOLB",13.8028,15.05,11.24
2007,2,"IVEE",13.3516,14.74,10.62
2007,2,"MOHK",13.7465,14.91,10.98
2007,2,"NAPL",13.5386,14.92,10.79
2007,2,"SCDI",13.9171,14.46,13.18
2007,2,"SCTW",13.9973,14.68,12.81
2007,3,"ABUR",12.7957,15.13,10.51
2007,3,"AHND",12.5283,15.01,10.38
2007,3,"AQUE",12.7076,14.74,10.46
2007,3,"BULL",12.5132,14.99,10.39
2007,3,"CARP",13.6198,15.87,11.18
2007,3,"GOLB",13.1528,15.4,10.73
2007,3,"IVEE",12.5972,14.4,10.62
2007,3,"MOHK",12.9919,15.43,10.55
2007,3,"NAPL",12.6199,14.58,10.54
2007,3,"SCDI",13.0763,14.37,11.82
2007,3,"SCTW",13.386,15.11,12.29
2007,4,"ABUR",12.5678,16.17,9.91
2007,4,"AHND",12.3063,15.77,9.78
2007,4,"AQUE",12.4585,15.78,9.85
2007,4,"BULL",12.0066,15.08,9.71
2007,4,"CARP",13.5153,16.65,10.67
2007,4,"GOLB",13.1486,16.18,10.04
2007,4,"IVEE",12.499,15.61,9.94
2007,4,"MOHK",12.9597,16.13,9.95
2007,4,"NAPL",12.5667,15.27,9.78
2007,4,"SCDI",12.4203,13.86,11.29
2007,4,"SCTW",12.6856,14.41,11.26
2007,5,"ABUR",12.1585,14.79,9.82
2007,5,"AHND",12.4855,15.01,9.53
2007,5,"AQUE",12.655,14.57,9.67
2007,5,"BULL",12.2854,14.77,9.71
2007,5,"CARP",13.378,15.36,11.01
2007,5,"GOLB",12.8243,15.23,10.13
2007,5,"IVEE",11.9312,14.06,9.86
2007,5,"MOHK",12.6314,14.99,9.95
2007,5,"NAPL",12.274,14.66,9.78
2007,5,"SCDI",12.7166,14.62,10.96
2007,5,"SCTW",12.8358,15.98,10.97
2007,6,"ABUR",14.6933,18.93,10.66
2007,6,"AHND",14.757,18.93,10.12
2007,6,"AQUE",15.1016,19.06,10.63
2007,6,"BULL",14.0456,18.06,10.2
2007,6,"CARP",16.0174,19.28,12.38
2007,6,"GOLB",15.6388,19.56,10.73
2007,6,"IVEE",14.3519,18,10.28
2007,6,"MOHK",15.3066,19.33,10.68
2007,6,"NAPL",14.868,18.44,10.36
2007,6,"SCDI",13.9949,16.62,12.03
2007,6,"SCTW",14.4467,17.09,12.18
2007,7,"ABUR",16.2825,19.28,12.63
2007,7,"AHND",16.5681,20.16,12.36
2007,7,"AQUE",16.8755,20.38,12.59
2007,7,"BULL",15.8343,19.4,12.09
2007,7,"CARP",16.7536,20.16,13.74
2007,7,"GOLB",17.3398,20.49,14.37
2007,7,"IVEE",16.0447,27.03,12.77
2007,7,"MOHK",16.8182,19.94,12.78
2007,7,"NAPL",16.8675,19.79,12.43
2007,7,"SCDI",16.6309,20.2,12.81
2007,7,"SCTW",17.1415,20.61,13.62
2007,8,"ABUR",15.5053,19.26,12.69
2007,8,"AHND",16.2842,20.03,12.61
2007,8,"AQUE",16.6554,20.39,13.58
2007,8,"BULL",15.957,19.83,13.04
2007,8,"CARP",15.8109,18.47,12.89
2007,8,"GOLB",17.0073,20.01,13.43
2007,8,"IVEE",15.5466,19.13,12.85
2007,8,"MOHK",16.1628,20.24,12.69
2007,8,"NAPL",16.6573,20.51,13.11
2007,8,"SCDI",17.4345,20.47,14.36
2007,8,"SCTW",18.0701,20.88,15.77
2007,9,"ABUR",15.5395,17.92,12.36
2007,9,"AHND",15.488,18.64,12.36
2007,9,"AQUE",15.8121,18.79,12.81
2007,9,"BULL",15.0242,18.13,11.92
2007,9,"CARP",15.8497,17.48,13.23
2007,9,"GOLB",16.5228,18.77,13.69
2007,9,"IVEE",15.425,17.71,12.77
2007,9,"MOHK",16.0282,18.11,12.35
2007,9,"NAPL",16.1269,18.51,12.25
2007,9,"SCDI",15.826,17.33,13.73
2007,9,"SCTW",16.3218,17.95,14.06
2007,10,"ABUR",13.9339,18.09,11.23
2007,10,"AHND",13.5729,17.83,10.72
2007,10,"AQUE",13.8881,17.99,10.99
2007,10,"BULL",13.4059,17.24,10.81
2007,10,"CARP",14.2625,17.48,11.87
2007,10,"GOLB",14.4491,18.23,11.64
2007,10,"IVEE",13.7706,17.18,11.38
2007,10,"MOHK",14.216,18.2,11.14
2007,10,"NAPL",14.2139,18.04,11.3
2007,10,"SCDI",14.7761,17.42,11.66
2007,10,"SCTW",15.135,17.78,12.19
2007,11,"ABUR",14.3498,15.63,12.36
2007,11,"AHND",14.083,15.34,12.53
2007,11,"AQUE",14.389,15.45,12.98
2007,11,"BULL",14.0442,14.97,12.88
2007,11,"CARP",14.3301,15.13,13.57
2007,11,"GOLB",14.7866,15.6,13.86
2007,11,"IVEE",14.4392,15.26,12.85
2007,11,"MOHK",14.4546,15.57,12.78
2007,11,"NAPL",14.6427,15.36,13.56
2007,11,"SCDI",14.1489,15.04,12.87
2007,11,"SCTW",14.3514,15.43,13.04
2007,12,"ABUR",13.1483,14.68,11.23
2007,12,"AHND",12.8392,14.03,11.32
2007,12,"AQUE",13.0845,14.16,11.78
2007,12,"BULL",12.8173,13.83,11.24
2007,12,"CARP",12.7727,14.09,11.43
2007,12,"GOLB",13.2401,14.56,11.29
2007,12,"IVEE",13.173,14.56,11.29
2007,12,"MOHK",13.1382,14.62,11.22
2007,12,"NAPL",13.3992,14.84,11.47
2007,12,"SCDI",13.2402,14.1,12.01
2007,12,"SCTW",13.3284,14.31,11.76
2008,1,"ABUR",12.8573,13.73,11.83
2008,1,"AHND",12.7548,13.64,12.1
2008,1,"AQUE",12.9704,16.21,12.02
2008,1,"BULL",12.7847,13.49,11.75
2008,1,"CARP",12.4849,13.23,11.69
2008,1,"GOLB",13.0899,13.95,12.24
2008,1,"IVEE",13.0909,13.95,12.32
2008,1,"MOHK",12.8943,13.89,12.19
2008,1,"NAPL",13.2483,13.93,12.69
2008,1,"SCDI",12.5497,13.15,11.57
2008,1,"SCTW",12.6265,13.12,11.58
2008,2,"ABUR",12.5983,13.98,11.07
2008,2,"AHND",12.3872,14.03,11.11
2008,2,"AQUE",12.6023,14.31,10.84
2008,2,"BULL",12.4458,13.92,11.16
2008,2,"CARP",12.4893,13.66,11.08
2008,2,"GOLB",12.8775,14.56,11.9
2008,2,"IVEE",12.6175,13.66,11.65
2008,2,"MOHK",12.838,14.15,11.77
2008,2,"NAPL",12.7954,13.93,11.57
2008,2,"SCDI",12.6282,13.58,11.31
2008,2,"SCTW",12.7701,14.14,11.5
2008,3,"ABUR",12.2802,14.67,9.64
2008,3,"AHND",11.6819,14.33,9.52
2008,3,"AQUE",12.0277,14.31,9.73
2008,3,"BULL",11.4719,13.74,9.47
2008,3,"CARP",12.8692,17.13,10.03
2008,3,"GOLB",12.285,14.83,8.83
2008,3,"IVEE",11.9423,13.91,9.69
2008,3,"MOHK",12.4663,14.76,9.89
2008,3,"NAPL",12.2637,14.36,9.96
2008,3,"SCDI",12.2505,13.41,10.63
2008,3,"SCTW",12.6132,13.97,10.74
2008,4,"ABUR",11.7742,15.54,9.46
2008,4,"AHND",10.8382,15.06,8.24
2008,4,"AQUE",11.3951,14.31,9.12
2008,4,"BULL",10.6942,14.04,8.62
2008,4,"CARP",12.7438,15.03,10.28
2008,4,"GOLB",11.7578,15.26,8.66
2008,4,"IVEE",11.4045,13.74,9.43
2008,4,"MOHK",12.218,15.1,9.46
2008,4,"NAPL",11.571,14.19,9.61
2008,4,"SCDI",11.5644,12.89,10.28
2008,4,"SCTW",11.9456,13.8,10.41
2008,5,"ABUR",12.7371,17.11,10.15
2008,5,"AHND",12.1333,16.79,8.93
2008,5,"AQUE",12.6666,16.67,9.99
2008,5,"BULL",11.7911,16.56,8.79
2008,5,"CARP",13.7294,17.21,11.9
2008,5,"GOLB",12.8961,17.09,9.26
2008,5,"IVEE",12.3745,15.47,10.29
2008,5,"MOHK",13.2072,17.19,10.66
2008,5,"NAPL",12.7346,15.83,10.3
2008,5,"SCDI",12.3585,14.67,10.28
2008,5,"SCTW",13.1132,15.34,10.91
2008,6,"ABUR",14.0844,17.19,10.91
2008,6,"AHND",13.8317,18.47,9.1
2008,6,"AQUE",14.4649,18.26,10.16
2008,6,"BULL",13.2938,18.4,9.38
2008,6,"CARP",15.3411,19.09,12.33
2008,6,"GOLB",14.8922,19.32,10.8
2008,6,"IVEE",13.8941,16.87,10.62
2008,6,"MOHK",14.6725,17.72,11.5
2008,6,"NAPL",14.4298,18.64,10.38
2008,6,"SCDI",14.2158,17.56,11.16
2008,6,"SCTW",14.9325,18.05,11.57
2008,7,"ABUR",15.6048,18.58,12.96
2008,7,"AHND",15.9064,19.53,10.89
2008,7,"AQUE",16.7852,26.92,12.48
2008,7,"BULL",15.2444,18.97,11.17
2008,7,"CARP",16.5756,20.08,13.01
2008,7,"GOLB",16.4266,19.83,11.92
2008,7,"IVEE",15.3108,19.11,11.73
2008,7,"MOHK",16.2501,19.86,12.78
2008,7,"NAPL",16.2077,19.44,12.78
2008,7,"SCDI",17.0168,22.81,13.81
2008,7,"SCTW",17.8529,20.64,14.83
2008,8,"ABUR",17.4053,19.52,15.09
2008,8,"AHND",18.1977,20.48,14.98
2008,8,"AQUE",18.3409,20.29,14.91
2008,8,"BULL",17.7724,19.86,14.13
2008,8,"CARP",17.9655,20.08,15.38
2008,8,"GOLB",18.0867,20.1,14.56
2008,8,"IVEE",17.2781,19.98,14.62
2008,8,"MOHK",18.2235,25.73,15.31
2008,8,"NAPL",17.2968,19.99,13.21
2008,8,"SCDI",18.586,19.88,15.67
2008,8,"SCTW",17.7724,19.86,14.13
2008,9,"ABUR",16.3793,19.43,14.15
2008,9,"AHND",17.0501,19.67,13.77
2008,9,"AQUE",17.2264,19.93,13.87
2008,9,"BULL",16.8211,19.68,12.86
2008,9,"CARP",16.5443,20.26,13.98
2008,9,"GOLB",17.0242,20.64,13.86
2008,9,"IVEE",16.1811,19.72,13.84
2008,9,"MOHK",17.1347,20.87,13.44
2008,9,"NAPL",16.3407,19.73,12.96
2008,9,"SCDI",18.1664,20.14,13.81
2008,9,"SCTW",16.8211,19.68,12.86
2008,10,"ABUR",15.5992,17.64,12.79
2008,10,"AHND",15.5192,19.32,12.39
2008,10,"AQUE",15.5478,18.49,12.25
2008,10,"BULL",15.2244,17.28,12.59
2008,10,"CARP",16.0547,18.38,13.38
2008,10,"GOLB",15.8831,18.14,12.49
2008,10,"IVEE",15.5761,17.95,12.87
2008,10,"MOHK",16.1084,18.73,12.59
2008,10,"NAPL",15.1103,17.87,11.58
2008,10,"SCDI",16.7467,18.18,14.24
2008,10,"SCTW",15.2244,17.28,12.59
2008,11,"ABUR",15.5069,18,12.44
2008,11,"AHND",15.1831,17.8,11.88
2008,11,"AQUE",15.1386,17.87,11.82
2008,11,"BULL",14.7916,17.63,11.39
2008,11,"CARP",15.6734,18.11,12.53
2008,11,"GOLB",15.4157,18.32,11.45
2008,11,"IVEE",15.3573,18.11,12.19
2008,11,"MOHK",15.8685,18.29,12.25
2008,11,"NAPL",14.6831,17.96,10.73
2008,11,"SCDI",16.1093,18.09,13.64
2008,11,"SCTW",14.7916,17.63,11.39
2008,12,"ABUR",14.3402,16.23,11.83
2008,12,"AHND",14.0407,16.83,12.14
2008,12,"AQUE",14.2823,17.09,12.52
2008,12,"BULL",13.7112,15.87,11.99
2008,12,"CARP",14.1923,16.69,11.84
2008,12,"GOLB",13.7075,16.64,11.19
2008,12,"IVEE",14.0507,16.47,12.19
2008,12,"MOHK",13.8321,16.7,11.43
2008,12,"NAPL",15.1105,16.29,13.29
2008,12,"SCDI",14.2948,16.07,12.33
2008,12,"SCTW",13.7112,15.87,11.99
2009,1,"ABUR",13.2862,14.26,12.44
2009,1,"AHND",13.2244,14.31,12.39
2009,1,"AQUE",13.5225,14.58,12.61
2009,1,"BULL",13.0538,14.05,11.82
2009,1,"CARP",13.2711,14.33,12.44
2009,1,"GOLB",13.1051,14.38,9.91
2009,1,"IVEE",13.1483,13.58,12.7
2009,1,"MOHK",13.0234,14.33,11.96
2009,1,"SCDI",12.947,14.07,12.07
2009,1,"SCTW",13.0538,14.05,11.82
2009,2,"ABUR",12.8515,13.82,11.66
2009,2,"AHND",13.4386,13.79,13.08
2009,2,"AQUE",13.0838,14.32,11.83
2009,2,"BULL",13.1738,13.62,12.94
2009,2,"CARP",13.0512,13.98,11.84
2009,2,"GOLB",12.9789,14.03,11.81
2009,2,"MOHK",12.5475,14.07,10.75
2009,2,"SCDI",13.0428,13.73,12.07
2009,2,"SCTW",18.2196,27.01,12.94
2009,3,"ABUR",12.8315,14.78,10.88
2009,3,"AQUE",13.0781,15.36,10.55
2009,3,"CARP",13.4301,14.42,12.01
2009,3,"MOHK",12.7155,15.02,10.24
2009,3,"SCDI",12.8108,13.98,11.84
2009,4,"ABUR",12.3112,14.69,9.76
2009,4,"AQUE",12.2418,15.1,9.69
2009,4,"MOHK",12.3435,14.76,8.79
2009,4,"SCDI",12.6171,13.89,10.71
2009,5,"ABUR",13.1967,17.07,9.93
2009,5,"AQUE",13.2982,16.56,9.96
2009,5,"MOHK",13.5241,16.67,9.47
2009,5,"SCDI",12.8824,16.03,10.96
2009,6,"ABUR",14.7982,18.04,12.18
2009,6,"AQUE",15.0092,18.13,12.27
2009,6,"CARP",14.5938,14.673,14.505
2009,6,"GOLB",15.723,17.296,13.906
2009,6,"IVEE",14.4046,16.415,12.727
2009,6,"MOHK",15.0671,18.44,12.13
2009,6,"SCDI",15.8395,17.35,13.51
2009,7,"ABUR",14.3719,16.844,12.509
2009,7,"AHND",15.5287,18.652,12.36
2009,7,"AQUE",15.5576,18.533,12.582
2009,7,"BULL",15.5613,18.06,12.582
2009,7,"CARP",14.855,17.677,12.703
2009,7,"GOLB",15.3924,18.033,13.016
2009,7,"IVEE",14.3323,17.034,11.783
2009,7,"MOHK",14.6729,18.11,11.43
2009,7,"NAPL",15.0923,17.78,12.59
2009,7,"SCDI",16.1659,17.88,14.55
2009,8,"ABUR",14.8204,16.82,12.727
2009,8,"AHND",15.2497,18.913,11.39
2009,8,"AQUE",15.5807,18.723,11.88
2009,8,"BULL",15.2996,17.88,11.759
2009,8,"CARP",15.46,17.486,13.016
2009,8,"GOLB",15.8156,18.343,12.968
2009,8,"IVEE",14.5755,17.962,11.953
2009,8,"MOHK",15.4981,18.47,12.413
2009,8,"NAPL",15.2975,18.4,11.99
2009,8,"SCDI",16.3353,18.51,13.94
2009,9,"ABUR",16.9705,18.818,14.529
2009,9,"AHND",17.5058,20.11,13.47
2009,9,"AQUE",17.9236,20.055,13.786
2009,9,"BULL",17.5459,19.57,13.786
2009,9,"CARP",18.2643,20.603,15.127
2009,9,"GOLB",18.169,20.15,15.39
2009,9,"IVEE",16.9524,19.912,14.098
2009,9,"MOHK",17.9098,20.51,14.314
2009,9,"NAPL",17.674,19.54,14.21
2009,9,"SCDI",18.8559,20.11,15.94
2009,10,"ABUR",17.3501,19.436,13.449
2009,10,"AHND",16.7226,19.865,11.83
2009,10,"AQUE",16.8656,19.651,12.171
2009,10,"BULL",16.398,20.01,12.01
2009,10,"CARP",17.9018,19.817,13.642
2009,10,"GOLB",17.5821,19.508,12.654
2009,10,"IVEE",17.0958,19.389,11.953
2009,10,"MOHK",17.8213,19.97,12.823
2009,10,"NAPL",17.2587,19.37,12.16
2009,10,"SCDI",16.8616,19.41,13.51
2009,11,"ABUR",15.7856,17.177,12.727
2009,11,"AHND",15.6848,17.701,12.62
2009,11,"AQUE",15.8791,17.558,13.064
2009,11,"BULL",15.5436,17.53,13.2
2009,11,"CARP",16.2801,17.344,14.337
2009,11,"GOLB",16.0998,17.51,12.799
2009,11,"IVEE",15.7778,17.296,12.823
2009,11,"MOHK",16.1254,18.11,13.305
2009,11,"NAPL",15.9427,17.61,13.11
2009,11,"SCDI",15.9098,17.71,13.68
2009,12,"ABUR",14.3238,15.461,12.896
2009,12,"AHND",14.2573,15.318,12.62
2009,12,"AQUE",14.391,15.461,12.775
2009,12,"BULL",14.1365,15.199,12.775
2009,12,"CARP",14.3677,15.318,13.618
2009,12,"GOLB",14.3412,15.533,12.944
2009,12,"IVEE",14.3211,15.533,12.534
2009,12,"MOHK",14.4633,15.652,13.257
2009,12,"NAPL",14.5647,15.53,12.33
2009,12,"SCDI",14.1616,15.51,12.91
2010,1,"ABUR",14.558,15.294,13.762
2010,1,"AHND",14.5362,15.414,13.82
2010,1,"AQUE",14.6535,15.485,14.05
2010,1,"BULL",14.5525,15.43,13.71
2010,1,"CARP",14.5717,15.151,13.906
2010,1,"GOLB",14.6187,15.39,13.978
2010,1,"IVEE",14.6187,15.461,14.122
2010,1,"MOHK",14.6775,15.83,13.978
2010,1,"NAPL",14.8342,27.949,13.95
2010,1,"SCDI",14.2616,15.86,12.91
2010,2,"ABUR",14.3756,15.915,13.22
2010,2,"AHND",14.285,15.27,13.39
2010,2,"AQUE",14.3966,15.318,13.473
2010,2,"BULL",14.1946,15.18,13.2
2010,2,"CARP",14.6253,15.533,13.858
2010,2,"GOLB",14.5258,15.78,13.69
2010,2,"IVEE",14.3477,15.247,13.546
2010,2,"MOHK",14.5554,18.723,13.497
2010,2,"NAPL",14.3243,15.199,13.38
2010,2,"SCDI",14.0579,15.16,13.08
2010,3,"ABUR",12.9503,15.605,10.39
2010,3,"AHND",12.5137,15.27,10.19
2010,3,"AQUE",12.7136,15.366,10.394
2010,3,"BULL",12.4162,14.74,10.38
2010,3,"CARP",13.7812,15.7,10.712
2010,3,"GOLB",13.3733,15.7,10.492
2010,3,"IVEE",12.6077,14.697,10.23
2010,3,"MOHK",13.3617,15.724,10.638
2010,3,"NAPL",12.6324,14.96,10.15
2010,3,"SCDI",13.2953,15.59,11.44
2010,3,"SCTW",15.3851,27.949,12.219
2010,4,"ABUR",12.54,15.724,10.173
2010,4,"AHND",12.4588,15.891,10.198
2010,4,"AQUE",12.6093,15.986,10.32
2010,4,"BULL",12.3055,15.294,9.977
2010,4,"CARP",13.4372,16.392,10.98
2010,4,"GOLB",13.027,16.13,10.149
2010,4,"IVEE",12.4947,14.84,10.14
2010,4,"MOHK",12.9485,16.415,10.173
2010,4,"NAPL",12.4822,15.318,10.198
2010,4,"SCDI",13.2208,14.19,12.14
2010,4,"SCTW",13.4188,15.031,12.34
2010,5,"ABUR",11.7513,15.843,9.7
2010,5,"AHND",11.3965,15.127,9.756
2010,5,"AQUE",11.5099,15.103,9.829
2010,5,"BULL",11.1307,14.194,9.657
2010,5,"CARP",12.8124,15.414,10.59
2010,5,"GOLB",12.3199,15.61,9.977
2010,5,"IVEE",11.5241,15.19,9.72
2010,5,"MOHK",12.2659,15.772,10.026
2010,5,"NAPL",11.5373,14.84,9.72
2010,5,"SCDI",12.005,13.714,10.98
2010,5,"SCTW",12.3425,14.529,11.175
2010,6,"ABUR",15.0453,18.247,11.16
2010,6,"AHND",14.9135,18.366,11.175
2010,6,"AQUE",15.1375,19.175,11.127
2010,6,"BULL",14.074,17.344,11.321
2010,6,"CARP",16.285,18.747,13.185
2010,6,"GOLB",16.1173,18.66,12.896
2010,6,"IVEE",14.5907,17.46,11.25
2010,6,"MOHK",15.8496,18.794,11.856
2010,6,"NAPL",14.9321,17.582,10.66
2010,6,"SCDI",13.765,16.62,11.832
2010,6,"SCTW",14.5242,16.796,11.832
2010,7,"ABUR",13.8959,16.63,11.492
2010,7,"AHND",14.8192,18.271,11.686
2010,7,"AQUE",15.0538,17.73,12.09
2010,7,"BULL",14.2851,17.33,12.18
2010,7,"CARP",14.8555,17.372,12.372
2010,7,"GOLB",15.1377,18.176,12.268
2010,7,"IVEE",14.0535,17.52,11.516
2010,7,"MOHK",14.501,17.867,12.147
2010,7,"NAPL",14.6672,17.13,11.71
2010,7,"SCDI",15.3163,17.05,12.968
2010,7,"SCTW",15.7304,17.486,13.016
2010,8,"ABUR",13.343,16.177,11.321
2010,8,"AHND",14.1931,17.225,11.127
2010,8,"AQUE",14.2866,17.38,11.32
2010,8,"BULL",13.9601,16.18,11.14
2010,8,"CARP",14.0847,16.761,12.111
2010,8,"GOLB",14.539,16.463,11.783
2010,8,"IVEE",13.0778,15.53,11.175
2010,8,"MOHK",13.8756,16.749,11.492
2010,8,"NAPL",13.7956,15.867,11.102
2010,8,"SCDI",14.7913,16.511,13.353
2010,8,"SCTW",15.2002,16.868,13.55
2010,9,"ABUR",13.8419,16.987,11.297
2010,9,"AHND",14.405,17.034,11.053
2010,9,"AQUE",14.5068,17.47,10.98
2010,9,"BULL",14.0032,17.24,11.14
2010,9,"CARP",14.68,16.85,12.2
2010,9,"GOLB",14.9001,17.225,12.05
2010,9,"IVEE",13.5099,15.7,11.102
2010,9,"MOHK",14.4064,17.296,11.565
2010,9,"NAPL",14.1269,16.225,11.175
2010,9,"SCDI",14.4232,15.867,12.437
2010,9,"SCTW",14.7928,16.14,13.12
2010,10,"ABUR",15.8797,18.461,12.678
2010,10,"AHND",15.5319,18.41,11.783
2010,10,"AQUE",15.5988,18.18,11.75
2010,10,"BULL",15.5134,17.51,11.74
2010,10,"CARP",16.8635,18.622,14.422
2010,10,"GOLB",16.2447,18.152,12.799
2010,10,"IVEE",15.6037,17.69,12.122
2010,10,"MOHK",16.3293,18.747,13.016
2010,10,"NAPL",15.75,17.772,11.904
2010,10,"SCDI",16.1645,17.819,11.856
2010,10,"SCTW",16.6418,18.176,13.38
2010,11,"ABUR",14.4098,17.391,10.883
2010,11,"AHND",14.1046,17,10.467
2010,11,"AQUE",14.154,17.2,10.56
2010,11,"BULL",14.0093,16.71,10.37
2010,11,"CARP",14.7911,17.55,11.25
2010,11,"GOLB",14.6263,17.415,11.029
2010,11,"IVEE",14.3049,17.26,10.883
2010,11,"MOHK",14.7044,17.391,10.834
2010,11,"NAPL",14.3689,17.391,10.736
2010,11,"SCDI",15.3285,17.368,12.968
2010,11,"SCTW",15.581,17.653,12.96
2010,12,"ABUR",13.1482,14.194,10.883
2010,12,"AHND",12.9682,14.39,10.834
2010,12,"AQUE",13.2337,26.59,10.89
2010,12,"BULL",12.7272,13.99,10.88
2010,12,"CARP",13.3794,14.161,11.428
2010,12,"GOLB",13.0222,14.505,10.98
2010,12,"IVEE",13.0509,14.266,10.932
2010,12,"MOHK",13.0768,14.457,11.029
2010,12,"NAPL",13.1058,14.194,10.736
2010,12,"SCDI",12.7356,13.522,12.001
2010,12,"SCTW",12.7584,13.522,12.02
2011,1,"ABUR",13.0912,14.649,11.904
2011,1,"AHND",12.8463,14.529,11.346
2011,1,"AQUE",12.9977,14.721,11.419
2011,1,"BULL",12.8599,21.079,11.22
2011,1,"CARP",13.1442,14.314,12.098
2011,1,"GOLB",13.2531,14.697,12.171
2011,1,"IVEE",13.0107,14.194,12.01
2011,1,"MOHK",13.2085,14.816,12.437
2011,1,"NAPL",13.1825,14.409,12.025
2011,1,"SCDI",12.611,13.978,10.785
2011,1,"SCTW",12.7332,14.242,11.07
2011,2,"ABUR",13.5751,24.243,11.807
2011,2,"AHND",13.2801,14.266,11.248
2011,2,"AQUE",13.3385,14.601,11.273
2011,2,"BULL",13.1735,14.314,11.467
2011,2,"CARP",13.7838,14.649,12.219
2011,2,"GOLB",13.6598,14.505,11.929
2011,2,"IVEE",13.3769,14.15,11.49
2011,2,"MOHK",13.6556,14.697,11.613
2011,2,"NAPL",13.508,14.601,11.321
2011,2,"SCDI",13.0937,14.17,11.394
2011,2,"SCTW",13.2577,14.553,11.467
2011,3,"ABUR",11.8147,14.074,9.903
2011,3,"AHND",11.3664,13.978,9.805
2011,3,"AQUE",11.4675,14.553,9.78
2011,3,"BULL",11.2394,13.137,9.608
2011,3,"CARP",12.4571,14.146,10.345
2011,3,"GOLB",12.0944,14.242,10.1
2011,3,"IVEE",11.6187,13.497,9.7
2011,3,"MOHK",12.1457,13.93,9.903
2011,3,"NAPL",11.7605,13.882,9.879
2011,3,"SCDI",11.9856,13.305,10.663
2011,3,"SCTW",12.185,13.473,10.736
2011,4,"ABUR",12.135,14.697,10.051
2011,4,"AHND",11.7466,15.772,9.534
2011,4,"AQUE",11.8628,16.129,9.558
2011,4,"BULL",11.5537,14.792,9.485
2011,4,"CARP",13.2753,15.151,11.005
2011,4,"GOLB",12.5745,14.912,10.051
2011,4,"IVEE",11.8052,14.67,9.78
2011,4,"MOHK",12.5994,15.127,10.247
2011,4,"NAPL",12.1188,14.888,10.001
2011,4,"SCDI",12.7629,14.505,11.005
2011,4,"SCTW",13.1412,15.223,11.127
2011,5,"ABUR",12.0565,15.891,9.756
2011,5,"AHND",11.7351,15.39,9.558
2011,5,"AQUE",11.852,15.461,9.706
2011,5,"BULL",11.5415,15.151,9.731
2011,5,"CARP",12.9762,15.509,10.369
2011,5,"GOLB",12.5899,15.819,9.854
2011,5,"IVEE",11.7353,14.84,9.61
2011,5,"MOHK",12.5606,15.843,9.829
2011,5,"NAPL",11.9933,14.984,9.854
2011,5,"SCDI",12.4127,13.738,10.98
2011,5,"SCTW",12.875,15.008,11.175
2011,6,"ABUR",13.7328,18.176,9.952
2011,6,"AHND",12.9215,16.106,9.682
2011,6,"AQUE",13.8903,18.628,9.706
2011,6,"BULL",13.5376,16.75,9.903
2011,6,"CARP",14.4067,18.152,10.59
2011,6,"GOLB",14.3152,18.628,10.075
2011,6,"IVEE",13.2823,17.796,9.78
2011,6,"MOHK",14.2231,18.604,10.222
2011,6,"NAPL",13.6126,17.439,9.879
2011,6,"SCDI",13.289,17.296,10.394
2011,6,"SCTW",13.8367,18.01,10.051
2011,7,"ABUR",15.7711,19.11,12.93
2011,7,"AQUE",16.5881,20.484,12.461
2011,7,"BULL",15.6607,19.59,12.171
2011,7,"CARP",16.428,20.126,13.233
2011,7,"GOLB",16.5958,19.674,13.81
2011,7,"IVEE",14.9617,18.35,12.45
2011,7,"MOHK",16.5702,19.318,13.473
2011,7,"NAPL",15.9574,19.056,12.582
2011,7,"SCDI",16.5896,19.246,14.026
2011,7,"SCTW",17.3703,20.46,14.84
2011,8,"ABUR",15.249,18.39,12.42
2011,8,"AQUE",16.2864,19.484,12.654
2011,8,"BULL",15.4919,18.34,11.929
2011,8,"CARP",15.8727,18.247,12.799
2011,8,"GOLB",16.2955,18.628,12.775
2011,8,"IVEE",15.0078,18.17,11.59
2011,8,"MOHK",15.9521,18.747,12.63
2011,8,"NAPL",15.4289,18.295,11.904
2011,8,"SCDI",16.3194,18.319,13.882
2011,8,"SCTW",16.9247,18.76,15.27
2011,9,"ABUR",15.3046,17.772,12.33
2011,9,"AQUE",15.7399,18.414,12.34
2011,9,"BULL",15.6844,17.63,12.678
2011,9,"CARP",16.13,18.414,13.353
2011,9,"GOLB",16.0917,18.557,13.305
2011,9,"IVEE",15.0567,17.344,12.122
2011,9,"MOHK",15.8475,18.176,12.727
2011,9,"NAPL",15.3805,17.772,12.437
2011,9,"SCDI",16.2421,17.51,13.786
2011,9,"SCTW",16.7706,18.49,15.031
2011,10,"ABUR",15.1283,17.605,11.65
2011,10,"AQUE",15.2702,17.986,11.394
2011,10,"BULL",15.056,17.63,11.419
2011,10,"CARP",15.7857,18.889,12.171
2011,10,"GOLB",15.7209,18.057,12.195
2011,10,"IVEE",14.8908,17.51,11.68
2011,10,"MOHK",15.6196,18.176,12.025
2011,10,"NAPL",15.2946,17.891,12.001
2011,10,"SCDI",15.788,17.534,14.314
2011,10,"SCTW",16.1818,18.2,14.792
2011,11,"ABUR",14.6983,16.11,12.147
2011,11,"AQUE",14.6226,16.511,11.2
2011,11,"BULL",14.4676,16.49,11.832
2011,11,"CARP",14.8623,16.201,12.389
2011,11,"GOLB",14.8947,16.344,12.582
2011,11,"IVEE",14.566,15.986,12.001
2011,11,"MOHK",14.8756,16.344,12.171
2011,11,"NAPL",14.7738,16.225,11.734
2011,11,"SCDI",14.7392,16.796,11.953
2011,11,"SCTW",15.0329,17.18,12.727
2011,12,"ABUR",14.1407,15.581,13.35
2011,12,"AQUE",14.165,15.247,13.209
2011,12,"BULL",13.9176,14.58,13.04
2011,12,"CARP",14.1117,15.557,13.401
2011,12,"GOLB",14.1745,15.39,13.522
2011,12,"IVEE",14.1146,15.414,13.47
2011,12,"MOHK",14.221,15.605,13.305
2011,12,"NAPL",14.2922,15.27,13.786
2011,12,"SCDI",13.9802,15.342,13.064
2011,12,"SCTW",14.092,15.414,12.92
2012,1,"ABUR",13.98,14.625,11.953
2012,1,"AQUE",13.9645,14.721,12.219
2012,1,"BULL",13.6938,14.49,12.389
2012,1,"CARP",14.035,14.649,13.425
2012,1,"GOLB",14.1261,14.84,12.871
2012,1,"IVEE",13.9007,14.553,12.703
2012,1,"MOHK",14.0542,14.721,12.292
2012,1,"NAPL",13.944,14.553,12.36
2012,1,"SCDI",13.6307,14.529,11.394
2012,1,"SCTW",13.7862,14.76,12.025
2012,2,"ABUR",13.2601,14.768,11.102
2012,2,"AQUE",12.9699,15.175,10.761
2012,2,"BULL",12.661,14.49,10.638
2012,2,"CARP",13.5996,15.294,11.54
2012,2,"GOLB",13.5575,15.342,11.443
2012,2,"IVEE",13.0964,14.625,11.078
2012,2,"MOHK",13.3969,14.96,11.175
2012,2,"NAPL",13.078,14.481,10.8
2012,2,"SCDI",12.8669,13.882,11.783
2012,2,"SCTW",12.9656,14.07,11.662
2012,3,"ABUR",11.8437,13.401,10.051
2012,3,"AQUE",11.7371,13.954,9.829
2012,3,"BULL",11.4317,13.112,9.805
2012,3,"CARP",12.2381,13.786,10.394
2012,3,"GOLB",12.1496,13.954,10.345
2012,3,"IVEE",11.5934,13.401,9.977
2012,3,"MOHK",12.0064,13.666,10.026
2012,3,"NAPL",11.5594,13.497,9.77
2012,3,"SCDI",11.9687,12.799,11.175
2012,3,"SCTW",12.101,13.425,11.2
2012,4,"ABUR",12.1161,14.84,10.271
2012,4,"AQUE",12.0526,14.505,9.928
2012,4,"BULL",11.7469,14.242,9.485
2012,4,"CARP",12.8055,15.843,10.59
2012,4,"GOLB",12.6209,15.031,10.075
2012,4,"IVEE",11.7092,13.882,9.854
2012,4,"MOHK",12.4015,15.796,10.026
2012,4,"NAPL",11.8827,14.481,9.85
2012,4,"SCDI",12.2024,13.329,10.907
2012,4,"SCTW",12.3564,13.738,10.761
2012,5,"ABUR",13.5857,15.843,10.467
2012,5,"AQUE",13.4254,16.534,10.149
2012,5,"BULL",12.6387,15.867,10.271
2012,5,"CARP",14.5248,16.796,11.492
2012,5,"GOLB",14.4546,16.749,10.565
2012,5,"IVEE",13.1699,15.748,10.296
2012,5,"MOHK",14.0639,16.415,10.32
2012,5,"NAPL",13.4321,16.272,10.2
2012,5,"SCDI",13.2416,15.414,11.613
2012,5,"SCTW",13.611,15.819,11.565
2012,6,"ABUR",15.4465,17.891,12.098
2012,6,"AQUE",15.3616,18.271,11.224
2012,6,"BULL",14.4311,17.724,10.565
2012,6,"CARP",16.2387,18.247,13.04
2012,6,"GOLB",16.21,18.129,12.606
2012,6,"IVEE",14.7166,17.51,11.856
2012,6,"MOHK",15.9402,17.986,12.896
2012,6,"NAPL",15.0519,18.033,11.06
2012,6,"SCDI",15.243,17.534,11.71
2012,6,"SCTW",15.8822,18.081,12.534
2012,7,"ABUR",14.7038,18.319,12.34
2012,7,"AHND",15.6695,18.2,12.727
2012,7,"AQUE",15.4717,18.224,12.243
2012,7,"BULL",15.1589,17.629,12.485
2012,7,"CARP",14.9899,18.39,12.799
2012,7,"GOLB",15.8024,18.604,13.257
2012,7,"IVEE",14.5699,17.32,12.534
2012,7,"MOHK",15.1792,18.438,12.34
2012,7,"NAPL",15.0043,17.558,12.05
2012,7,"SCDI",15.5399,17.106,13.088
2012,7,"SCTW",16.0132,17.915,14.05
2012,8,"ABUR",15.7645,19.746,12.968
2012,8,"AHND",16.8572,20.674,13.016
2012,8,"AQUE",16.8746,20.579,13.353
2012,8,"BULL",16.6849,19.175,13.209
2012,8,"CARP",16.2251,18.818,13.401
2012,8,"GOLB",16.8945,20.603,13.906
2012,8,"IVEE",15.574,19.294,12.727
2012,8,"MOHK",16.3902,20.817,13.11
2012,8,"NAPL",16.4302,20.079,12.001
2012,8,"SCDI",17.8656,20.031,14.433
2012,8,"SCTW",18.3738,20.817,15.652
2012,9,"ABUR",16.5586,19.984,14.002
2012,9,"AHND",17.4604,19.936,13.786
2012,9,"AQUE",17.4926,20.269,13.81
2012,9,"BULL",17.1765,19.936,13.858
2012,9,"CARP",16.7093,18.889,14.84
2012,9,"GOLB",17.425,19.841,15.342
2012,9,"IVEE",16.3347,18.961,13.882
2012,9,"MOHK",17.0549,20.269,14.4
2012,9,"NAPL",16.9961,19.246,14.266
2012,9,"SCDI",18.6847,19.841,16.558
2012,9,"SCTW",19.0804,20.698,17.796
2012,10,"ABUR",17.4895,19.912,13.882
2012,10,"AHND",17.231,19.722,13.497
2012,10,"AQUE",17.2135,19.603,13.57
2012,10,"BULL",16.9553,19.698,13.546
2012,10,"CARP",18.2833,20.436,15.843
2012,10,"GOLB",18.05,19.722,14.433
2012,10,"IVEE",17.3393,19.698,13.906
2012,10,"MOHK",17.8639,20.103,13.8
2012,10,"NAPL",17.5394,19.484,13.497
2012,10,"SCDI",18.4467,20.055,14.745
2012,10,"SCTW",18.8234,20.579,15.151
2012,11,"ABUR",15.3956,17.748,12.001
2012,11,"AHND",15.576,17.796,12.074
2012,11,"AQUE",15.502,17.867,12.147
2012,11,"BULL",15.501,17.819,12.847
2012,11,"CARP",15.8012,17.796,12.292
2012,11,"GOLB",15.6295,17.867,11.734
2012,11,"IVEE",15.3596,17.605,12.292
2012,11,"MOHK",15.5211,18.033,11.83
2012,11,"NAPL",15.4138,17.51,12.316
2012,11,"SCDI",16.1155,18.033,14.194
2012,11,"SCTW",16.2219,18.438,14.481
2012,12,"ABUR",14.8714,16.392,12.823
2012,12,"AHND",14.7831,16.844,12.534
2012,12,"AQUE",14.6993,16.63,12.63
2012,12,"BULL",14.5228,16.201,12.413
2012,12,"CARP",15.0434,16.558,13.04
2012,12,"GOLB",15.0248,16.487,13.064
2012,12,"IVEE",14.9493,16.415,12.871
2012,12,"MOHK",14.876,16.701,12.69
2012,12,"NAPL",14.9088,16.296,12.678
2012,12,"SCDI",14.7587,16.201,12.823
2012,12,"SCTW",14.7344,16.272,13.088
2013,1,"ABUR",12.5601,13.497,11.297
2013,1,"AHND",12.3572,13.449,11.102
2013,1,"AQUE",12.4129,13.449,10.834
2013,1,"BULL",12.2746,13.233,10.785
2013,1,"CARP",12.7854,13.738,11.807
2013,1,"GOLB",12.5673,13.522,11.321
2013,1,"IVEE",12.5436,13.377,11.078
2013,1,"MOHK",12.61,13.978,11.22
2013,1,"NAPL",12.4729,13.546,11.37
2013,1,"SCDI",12.8477,13.69,12.05
2013,1,"SCTW",12.8741,13.81,11.929
2013,2,"ABUR",12.6954,13.978,11.613
2013,2,"AHND",12.4155,13.473,10.663
2013,2,"AQUE",12.5762,13.449,10.638
2013,2,"BULL",12.2671,13.233,10.638
2013,2,"CARP",12.9311,13.882,11.904
2013,2,"GOLB",12.6388,13.762,11.37
2013,2,"IVEE",12.8718,13.906,11.613
2013,2,"MOHK",12.8597,14.074,11.57
2013,2,"NAPL",12.5501,13.497,11.029
2013,2,"SCDI",12.6261,13.377,11.686
2013,3,"ABUR",13.0477,15.079,11.492
2013,3,"AHND",12.9657,15.127,11.127
2013,3,"AQUE",13.1319,15.414,11.297
2013,3,"BULL",12.8188,14.864,11.102
2013,3,"CARP",13.5268,15.294,11.613
2013,3,"GOLB",12.8984,14.697,11.54
2013,3,"IVEE",13.3702,15.127,11.807
2013,3,"MOHK",13.3114,14.936,11.637
2013,3,"NAPL",12.881,14.625,11.321
2013,3,"SCDI",12.4233,12.992,11.783
2013,4,"ABUR",12.8957,15.939,9.903
2013,4,"AHND",12.5198,15.581,9.534
2013,4,"AQUE",12.6962,15.509,9.682
2013,4,"BULL",12.4046,15.438,9.682
2013,4,"CARP",13.6277,16.01,10.296
2013,4,"GOLB",12.6553,16.225,9.657
2013,4,"IVEE",13.3293,16.32,9.805
2013,4,"MOHK",13.221,16.082,10.026
2013,4,"NAPL",12.7802,15.891,9.731
2013,4,"SCDI",12.8188,14.505,11.321
2013,5,"ABUR",15.0511,17.582,11.248
2013,5,"AHND",14.5533,17.415,10.296
2013,5,"AQUE",14.7532,17.582,10.394
2013,5,"BULL",13.7174,17.249,10.467
2013,5,"CARP",16.1775,18.295,13.257
2013,5,"GOLB",14.5422,17.605,10.858
2013,5,"IVEE",15.7372,18.033,11.175
2013,5,"MOHK",15.6948,18.081,11.759
2013,5,"NAPL",14.8728,17.082,10.956
2013,5,"SCDI",13.8493,15.891,12.195
2013,6,"ABUR",16.0001,18.343,13.257
2013,6,"AHND",15.8392,19.151,11.613
2013,6,"AQUE",16.1326,18.937,11.662
2013,6,"BULL",15.2271,17.962,11.005
2013,6,"CARP",16.9643,19.341,14.026
2013,6,"GOLB",15.5797,18.889,12.509
2013,6,"IVEE",16.7861,19.199,13.786
2013,6,"MOHK",16.4611,19.222,13.594
2013,6,"NAPL",15.9114,18.675,12.389
2013,6,"SCDI",15.7238,18.628,12.944
2013,7,"AHND",16.1136,20.103,12.025
2013,7,"AQUE",16.4293,20.293,12.485
2013,7,"BULL",15.895,19.984,11.953
2013,7,"CARP",16.3507,20.055,12.968
2013,7,"GOLB",15.6022,18.723,13.69
2013,7,"IVEE",19.0195,20.293,16.392
2013,7,"MOHK",16.5772,20.388,12.654
2013,7,"NAPL",15.785,19.841,12.437
2013,7,"SCDI",16.824,19.436,14.074
2013,7,"SCTW",16.8626,17.962,15.199
2013,8,"AHND",16.456,18.985,13.161
2013,8,"AQUE",16.6193,19.103,13.762
2013,8,"BULL",15.7797,18.675,13.137
2013,8,"SCDI",16.7588,18.675,14.146
2013,8,"SCTW",17.3688,18.842,14.912
2013,9,"AHND",15.9966,21.008,12.243
2013,9,"AQUE",16.1678,20.484,12.34
2013,9,"BULL",15.4637,19.555,12.171
2013,9,"SCDI",17.4343,19.722,13.257
2013,9,"SCTW",18.2127,20.198,15.175
2013,10,"AHND",16.5778,18.747,13.064
2013,10,"AQUE",16.7115,18.699,12.606
2013,10,"BULL",16.4726,18.557,13.04
2013,10,"SCDI",17.2072,18.557,13.209
2013,10,"SCTW",17.5136,18.723,14.433
2013,11,"AHND",16.042,17.415,13.088
2013,11,"AQUE",16.145,17.391,13.329
2013,11,"BULL",15.8446,17.51,14.002
2013,11,"SCDI",16.3908,17.534,13.016
2013,11,"SCTW",16.4631,17.558,14.505
2013,12,"AHND",14.5309,16.225,12.606
2013,12,"AQUE",14.5551,16.225,12.485
2013,12,"BULL",14.3586,16.296,12.896
2013,12,"SCDI",14.4264,16.153,12.268
2013,12,"SCTW",14.4543,16.177,12.171
2014,1,"ABUR",20.4446,33.704,19.365
2014,1,"AHND",15.1426,16.153,13.834
2014,1,"AQUE",15.2089,16.01,13.978
2014,1,"BULL",14.9734,15.843,13.834
2014,1,"CARP",15.823,16.082,15.581
2014,1,"GOLB",15.5301,16.106,15.079
2014,1,"IVEE",15.3027,15.819,14.96
2014,1,"MOHK",20.4928,22.657,13.882
2014,1,"NAPL",15.2878,15.843,14.433
2014,1,"SCDI",14.6144,15.39,13.209
2014,1,"SCTW",14.6655,15.414,13.738
2014,2,"ABUR",15.1086,21.581,12.098
2014,2,"AHND",14.3127,15.438,12.968
2014,2,"AQUE",14.4178,15.438,13.112
2014,2,"BULL",14.0696,15.461,12.799
2014,2,"CARP",14.9981,15.939,13.738
2014,2,"GOLB",14.8013,15.843,13.257
2014,2,"IVEE",14.4336,15.223,13.04
2014,2,"MOHK",15.2251,21.485,13.594
2014,2,"NAPL",14.4943,15.366,13.185
2014,2,"SCDI",13.8383,14.912,11.88
2014,2,"SCTW",13.9373,14.936,12.243
2014,3,"ABUR",14.7887,16.892,11.127
2014,3,"AHND",14.3485,16.82,10.712
2014,3,"AQUE",14.4727,16.868,10.614
2014,3,"BULL",14.0906,16.511,10.761
2014,3,"CARP",15.3857,17.13,11.953
2014,3,"GOLB",15.0566,17.486,11.273
2014,3,"IVEE",18.3155,38.449,8.99
2014,3,"MOHK",15.1141,17.296,11.37
2014,3,"NAPL",14.6999,16.701,11.175
2014,3,"SCDI",14.3192,15.39,12.871
2014,3,"SCTW",14.514,15.676,12.823
2014,4,"ABUR",12.5428,15.819,10.443
2014,4,"AHND",12.2962,15.461,10.075
2014,4,"AQUE",12.4617,15.247,10.247
2014,4,"BULL",12.1174,14.697,10.001
2014,4,"CARP",13.3028,16.415,11.053
2014,4,"GOLB",13.0226,16.32,10.443
2014,4,"IVEE",14.8183,22.321,10.345
2014,4,"MOHK",12.9866,16.392,10.418
2014,4,"NAPL",12.4208,15.366,10.369
2014,4,"SCDI",13.2079,14.337,11.904
2014,4,"SCTW",13.4148,14.601,12.413
2014,5,"ABUR",13.9346,17.819,10.467
2014,5,"AHND",12.2635,13.522,11.346
2014,5,"AQUE",13.5875,17.415,10.173
2014,5,"BULL",13.053,16.344,10.418
2014,5,"CARP",15.0391,18.152,11.321
2014,5,"GOLB",14.4368,17.486,10.638
2014,5,"IVEE",13.5708,16.892,10.345
2014,5,"MOHK",14.4991,18.081,10.565
2014,5,"NAPL",13.7857,18.057,10.834
2014,5,"SCDI",13.9336,17.153,11.759
2014,5,"SCTW",14.2627,17.677,11.88
2014,6,"ABUR",16.1299,20.936,13.329
2014,6,"AQUE",16.6106,20.222,12.654
2014,6,"BULL",15.6819,19.746,12.195
2014,6,"CARP",17.0399,21.27,14.17
2014,6,"GOLB",16.6949,20.984,14.002
2014,6,"IVEE",15.6389,20.174,12.944
2014,6,"MOHK",16.8733,21.366,13.954
2014,6,"NAPL",16.3883,20.007,12.703
2014,6,"SCDI",15.6087,17.034,13.978
2014,6,"SCTW",16.1395,18.057,14.218
2014,7,"ABUR",18.1227,20.96,14.314
2014,7,"AHND",17.6745,20.96,14.146
2014,7,"AQUE",18.4248,20.793,14.84
2014,7,"BULL",17.8048,20.674,12.968
2014,7,"CARP",18.7278,21.533,15.366
2014,7,"GOLB",18.9998,21.032,16.606
2014,7,"IVEE",17.563,20.079,15.175
2014,7,"MOHK",18.8701,21.628,15.581
2014,7,"NAPL",18.5995,20.793,14.529
2014,7,"SCDI",19.4539,21.246,15.199
2014,7,"SCTW",20.0396,21.413,16.558
2014,8,"ABUR",16.7191,19.77,14.122
2014,8,"AHND",17.2999,19.651,14.002
2014,8,"AQUE",17.6051,19.841,14.05
2014,8,"BULL",17.1173,19.508,14.17
2014,8,"CARP",17.3475,20.222,14.816
2014,8,"GOLB",17.5617,19.817,15.127
2014,8,"IVEE",16.4387,19.08,14.29
2014,8,"MOHK",17.3427,20.269,14.649
2014,8,"NAPL",17.3553,19.722,14.84
2014,9,"ABUR",17.9714,21.246,14.553
2014,9,"AHND",17.7453,20.674,13.594
2014,9,"AQUE",18.0217,20.889,13.858
2014,9,"BULL",17.2449,20.055,13.762
2014,9,"CARP",18.7916,20.746,16.32
2014,9,"GOLB",18.661,21.772,15.031
2014,9,"IVEE",17.5851,19.865,14.17
2014,9,"MOHK",18.5815,21.366,15.294
2014,9,"NAPL",18.2579,20.984,14.242
2014,10,"ABUR",20.0046,22.393,16.487
2014,10,"AHND",19.2677,22.13,15.103
2014,10,"AQUE",19.5632,22.034,15.223
2014,10,"BULL",19.1992,21.843,14.481
2014,10,"CARP",20.5982,22.369,18.295
2014,10,"GOLB",20.3736,22.154,17.368
2014,10,"IVEE",19.7072,21.843,16.225
2014,10,"MOHK",20.3621,22.274,17.082
2014,10,"NAPL",19.7698,21.987,16.392
2014,11,"ABUR",18.3241,19.222,15.963
2014,11,"AHND",18.082,19.532,15.318
2014,11,"AQUE",18.179,19.246,15.986
2014,11,"BULL",17.8448,18.889,15.199
2014,11,"CARP",18.624,19.365,18.01
2014,11,"GOLB",18.4583,19.365,17.082
2014,11,"IVEE",18.2413,19.294,16.344
2014,11,"MOHK",18.4974,19.436,16.344
2014,11,"NAPL",18.3873,19.698,16.892
2014,12,"ABUR",17.6192,18.628,15.843
2014,12,"AHND",17.5342,18.842,14.649
2014,12,"AQUE",17.4164,18.747,15.27
2014,12,"BULL",17.2522,18.438,15.318
2014,12,"CARP",17.5342,18.58,15.915
2014,12,"GOLB",17.5182,18.842,15.414
2014,12,"IVEE",17.5275,18.723,15.748
2014,12,"MOHK",17.6673,19.08,15.819
2014,12,"NAPL",17.7109,18.818,16.368
2015,1,"ABUR",16.1931,16.844,15.318
2015,1,"AHND",16.1486,16.606,15.414
2015,1,"AQUE",16.2248,16.749,15.7
2015,1,"BULL",16.1108,16.582,15.318
2015,1,"CARP",16.057,16.487,15.414
2015,1,"GOLB",16.0754,16.558,15.175
2015,1,"IVEE",16.0682,16.558,15.509
2015,1,"MOHK",16.179,16.558,15.342
2015,1,"NAPL",16.2363,16.749,15.843
2015,2,"ABUR",16.3564,17.011,15.891
2015,2,"BULL",16.0587,16.129,15.939
2015,2,"NAPL",16.2211,16.796,13.954
2015,3,"NAPL",14.812,15.605,13.497
